type,country,2012/01,2012/02,2012/03,2012/04,2012/05,2012/06,2012/07,2012/08,2012/09,2012/10,2012/11,2012/12,2013/01,2013/02,2013/03,2013/04,2013/05,2013/06,2013/07,2013/08,2013/09,2013/10,2013/11,2013/12,2014/01,2014/02,2014/03,2014/04,2014/05,2014/06,2014/07,2014/08,2014/09,2014/10,2014/11,2014/12,2015/01,2015/02,2015/03,2015/04,2015/05,2015/06,2015/07,2015/08,2015/09,2015/10,2015/11,2015/12,2016/01,2016/02,2016/03,2016/04,2016/05,2016/06,2016/07,2016/08,2016/09,2016/10,2016/11,2016/12,2017/01,2017/02,2017/03,2017/04,2017/05,2017/06,2017/07,2017/08,2017/09,2017/10,2017/11,2017/12,2018/01,2018/02,2018/03,2018/04,2018/05,2018/06,2018/07,2018/08,2018/09,2018/10,2018/11,2018/12,2019/01,2019/02,2019/03,2019/04,2019/05,2019/06,2019/07,2019/08,2019/09,2019/10,2019/11,2019/12,2020/01,2020/02,2020/03,2020/04,2020/05,2020/06,2020/07,2020/08,2020/09,2020/10,2020/11,2020/12,2021/01,2021/02,2021/03,2021/04,2021/05,2021/06,2021/07,2021/08,2021/09,2021/10
陽明山遊客中心,臺北市,12187,18612,18580,13329,14179,11397,16000,11791,10469,11515,6896,9631,18133,66380,28664,13106,14624,12856,14267,10917,8291,8156,7192,6792,30147,12587,10463,9435,7859,10190,11561,36528,9787,8593,8530,6505,10773,12587,10360,9315,8395,11833,11518,7228,11310,10575,11370,8977,12349,7941,10391,11667,12854,12468,11457,9562,7305,0,0,0,11835,14029,14400,18840,16300,13364,21623,22431,6780,0,0,0,18832,52386,16896,15409,17161,52793,15355,15512,13055,16738,18460,20950,16358,34154,19223,22918,18408,20368,20841,21888,13500,17686,16880,15873,18936,14591,12992,9603,10249,12303,13064,10650,9458,9071,8622,5340,9087,10321,9338,11290,4219,0,175,835,1201,1127
陽明書屋,臺北市,2597,3617,5221,4317,3497,2815,3005,2497,2764,3701,2863,2983,3010,3667,3804,3082,2826,2943,2817,2668,2550,3191,3748,2455,2446,3203,2991,3614,2675,2361,2858,2991,2680,3543,3170,2757,2811,4196,3157,3278,3230,7392,2343,1333,2378,3426,3529,2448,2846,3915,2524,3145,3615,2574,2766,2830,1639,2805,2832,2857,2834,3002,2910,3500,3002,2101,2654,2455,2272,3489,2490,2177,1616,2745,2811,13045,11270,10926,6813,6009,11634,9339,7987,9317,8761,12488,2415,11296,10862,10557,13671,11650,7134,9475,10703,8483,8983,9847,8295,5819,6886,8747,9086,7959,5855,6569,5888,5376,4434,5299,4925,6117,2403,0,426,1252,1304,1449
陽明公園,臺北市,161000,463000,705200,85600,38600,28000,51700,44700,39000,36000,35000,33000,114000,768000,582000,76000,35800,27500,44700,42500,38000,35000,32500,31000,98500,1023900,411400,78000,32800,25400,43200,41500,34200,33000,30500,29000,94000,922000,624200,76000,31000,21550,13090,5100,4390,8700,13040,19350,26250,663367,691332,25200,30750,24750,15400,9540,4940,4750,6513,4883,8490,569737,802012,35988,26671,23895,17950,15050,12850,9050,8270,8660,8750,247131,891890,26500,23500,24400,15700,16060,14010,7630,9940,9480,10340,362770,616450,35100,28300,26400,14400,13300,13500,9800,9400,9300,63502,182033,395529,17600,10400,20600,15600,17800,15420,7380,10070,8690,14994,609339,572943,12322,3022,18052,9750,14460,13520,6308
大屯遊憩區,臺北市,17047,29079,38558,34332,43906,42586,63721,41881,51743,38214,27467,27306,23629,41333,60660,30168,44126,122164,101522,100871,49849,47142,52135,22932,54121,54357,45513,55373,48226,66879,88481,101473,52891,43251,38686,18582,48282,38345,35079,51847,56146,83547,83321,43999,62871,52824,69359,41803,46979,67055,39456,78602,81236,99711,109117,85946,50983,73936,71715,61641,58882,40053,44729,85110,71767,43532,89058,77931,62141,36427,15855,31852,30588,52168,33536,47707,65776,83168,88858,89094,64101,65939,60155,45507,28853,76943,48256,58579,51847,45953,80894,53030,31455,47110,38052,7643,10671,34546,51122,41056,39395,53302,50177,49548,33624,34116,27592,21340,40652,31452,33538,40628,24208,2302,32925,33581,50740,36813
龍鳳谷遊憩區,臺北市,21201,22134,62447,64691,16243,15811,15787,16963,16176,18951,18136,19135,21683,38987,45769,66359,16353,20637,15077,19399,17461,18297,23211,17523,22199,24641,51141,101997,18584,17464,14582,18688,21145,23386,20045,20972,24821,31373,72394,123415,24013,20029,19881,15954,19603,21715,23252,21160,25045,35712,75162,108251,16529,12384,12809,14441,13501,17269,26449,34432,43762,32503,104623,119830,39363,18100,20722,23993,26402,30456,25771,29014,27405,45304,59814,160759,29675,23714,22649,22851,22109,21424,28537,33115,27659,53265,131849,133843,43516,82158,44290,41467,51423,33778,34252,36266,44468,35513,73930,41460,29453,28932,25854,28364,33624,45372,35417,32719,49719,48486,115274,120591,18098,2951,4898,18330,26895,38354
小油坑遊憩區,臺北市,20839,16853,24528,27840,18760,18184,25647,20332,22928,28958,19923,21417,19162,19997,38851,28281,24669,39041,26927,25852,22187,29937,31949,21653,27940,36535,35525,33152,29396,30995,31530,33416,26893,30320,28863,25745,35459,29038,30445,31767,29093,29671,33063,22694,29333,34418,32568,20433,23180,37529,22513,30685,32214,29445,35912,26917,17953,33792,35459,32085,29227,25194,28157,45649,30392,24862,32685,34051,32129,60580,25047,28657,25298,38515,43575,46086,48112,32134,40787,36922,27528,34442,38472,36223,28108,40606,39406,44955,37215,45312,37499,33254,30628,45888,42434,43712,38537,26902,24238,19678,32599,42561,40692,33943,22520,38685,33943,16916,32288,29753,29314,35451,14230,471,4088,10417,19098,22511
塔塔加遊憩區,南投縣,83806,59526,63451,71541,64384,19312,34755,17392,25217,39252,53688,50449,58010,102555,63474,65522,55806,47415,39634,41606,51046,56146,58063,50601,23433,45814,61971,56986,32070,37898,46162,55488,42999,61292,52062,46600,43433,61152,54853,57846,38945,49843,53847,49312,54671,58502,60641,48285,51240,61405,48557,56881,58233,65750,76204,72615,36008,56123,59461,85401,70775,58918,45162,54127,54432,27781,62427,58894,38800,59142,64086,80962,64502,33911,51136,56037,50017,40728,44841,42422,43306,42754,32886,39888,27352,34907,35222,35030,20767,34606,35373,22122,51528,70039,61916,48972,51931,46890,48327,47220,50851,78256,96966,68315,58332,79345,63976,60554,57816,68858,64606,64482,51361,14145,17509,28293,47107,66647
梅山遊客中心,高雄市,4846,1854,1190,1849,1092,0,0,0,6,651,27,19,1066,3507,956,985,852,1001,1066,521,315,710,654,1805,1569,3280,1943,1144,776,199,917,950,770,1430,1147,1497,4536,3085,1699,1627,944,1154,1254,1085,810,880,943,930,1427,1749,1536,1482,1248,812,856,1070,365,873,631,1333,5481,1543,1456,2077,2654,1498,972,1050,1420,1902,1978,1887,4997,5325,1456,1961,1339,987,1708,1174,981,1145,631,1331,4101,6642,2501,2095,1658,2087,1524,1441,1427,2640,2395,4980,9430,6852,7437,5076,2753,3334,4331,4255,2292,2292,3805,3426,4911,5625,3704,2839,2037,0,28,0,30,111
南安遊客中心,花蓮縣,37578,19373,21987,20037,18384,12088,24176,16894,23817,22601,23157,20602,22651,41887,22030,21543,20112,18750,16512,18696,19749,22069,20930,15400,16574,23480,22452,23126,19134,21589,26251,26660,21264,21805,21923,21418,17614,22011,17217,21547,16898,17834,19523,18528,19804,18796,17830,16046,16949,28533,16470,23519,20425,22722,28793,26931,18670,17613,19233,25012,24474,19951,13316,17971,20347,22216,29130,34188,22408,24273,21404,28013,22627,23265,23404,30310,23693,22302,28858,27862,23275,21618,23855,26657,21924,26010,26386,28353,24358,28632,34775,31287,28446,30436,25996,26551,30899,27033,27279,29949,31663,39123,40541,39847,32601,37335,28344,29379,29566,34530,26708,28022,25852,15083,22058,29543,32413,30016
玉山管理處遊客服務中心,南投縣,13262,9460,9322,10362,10233,10338,13533,10098,9042,9670,10719,16931,14978,9523,9128,9833,8567,10890,10853,11071,9828,12708,10034,12272,14730,9810,9243,9781,9228,9695,13358,12543,9284,11083,11351,10771,20934,10058,8206,8834,7389,11922,13691,10018,10799,8569,12703,9219,16377,10283,8499,8443,8130,9251,9472,10032,9181,7442,8533,17248,13886,9741,9308,7180,7726,7253,9666,6857,7173,7401,9040,7625,11857,8459,5983,8302,6585,6388,8756,8591,6803,6103,7703,2195,11190,11363,9086,8806,10814,9319,10718,9276,7502,9474,8179,9109,13130,6426,5554,5946,6291,8255,10560,14369,10399,15137,17943,13099,20647,12426,9732,11425,16145,0,122,1423,2624,4334
排雲山莊,南投縣,371,80,376,1476,1511,979,1868,643,1548,2128,2173,966,464,29,1232,1989,1514,3815,3133,2632,2903,3582,3803,2841,727,6,894,3668,3675,3378,3298,3979,3380,4172,4048,2571,1042,0,2667,3754,3888,4181,3390,3105,3893,4602,4299,3906,6,100,290,3077,4851,4625,2399,4700,3098,5717,4830,4577,1795,28,3301,5445,5900,3411,5128,5059,5063,6601,5805,4700,693,7,2912,5727,6222,5402,5837,5319,5457,6305,5404,5167,1987,3,3977,5544,5068,5870,5692,4385,6243,6903,6832,5620,2256,1090,3061,4707,4306,6707,6999,6828,6596,7631,7598,6497,3164,3574,5019,7271,3650,34,14,1420,2706,4269
汶水遊客中心,苗栗縣,21972,23322,10533,25229,32036,26862,29115,19416,18005,27981,39199,30317,20091,54228,63631,44743,79502,63388,68177,69312,67085,140744,113390,86738,40808,46690,59817,57547,68518,59175,40637,35452,43458,44007,41323,43394,48044,40057,42960,48055,52742,44247,43362,45071,48412,77505,50337,57194,39444,43343,32903,47530,53446,42616,36742,33644,38420,59108,49440,45484,43407,42835,43440,61049,46693,30082,40111,36919,35428,54187,57004,46791,43391,42462,52124,59436,59527,49527,58791,45285,51002,54135,46818,62591,41630,52851,64057,64401,70397,66579,57471,48540,60223,63614,62585,51766,50060,34119,28503,19101,23827,33066,53787,54054,48545,68680,58698,48419,52022,38030,38820,47764,23138,494,2713,7376,9341,21492
觀霧遊客中心,苗栗縣,5147,1954,1983,2239,4087,2289,15669,1143,4725,4598,4762,3977,2524,9039,5471,6330,5780,6051,4016,436,1783,3378,4940,4098,3661,8003,5087,5452,3337,6539,11260,16016,6779,13282,6229,6012,7745,13522,6186,8025,5659,5601,7720,5744,5048,7524,8122,6015,6292,8291,5565,7494,6928,9875,12810,12314,7352,10167,9168,11422,11219,9826,8361,8863,10558,5411,14784,14001,10075,11685,9994,9776,7922,8584,9767,12425,8392,9385,15272,15340,6045,9571,6846,9326,6609,9003,9913,10036,6713,10120,14214,12371,7838,11422,8014,7872,9837,5414,6333,3076,3931,10369,15185,13011,7987,14006,10060,8962,9824,11543,17105,10107,3741,0,880,5769,10071,9223
雪見遊憩區,苗栗縣,18647,10465,7592,9731,9615,4638,5304,1655,2220,3380,4492,2907,1755,12806,5842,4265,5731,9837,4956,0,0,0,0,4796,6602,11241,7971,8714,4443,9001,13805,11011,8372,12531,12931,8848,11895,13421,3722,7930,3903,14009,15405,5707,6767,11364,14613,9843,10646,12475,4604,9274,6249,10391,19010,11794,5858,16628,14140,12399,16885,6544,6119,11328,9183,5426,12981,13254,8593,12373,11230,7499,7130,10013,5305,8839,8011,10309,14833,16085,8944,16139,12203,11060,4581,11646,8526,7381,4895,8736,11881,9796,14292,15707,14056,8499,7984,8219,9200,7969,7923,12826,17422,17780,10035,17911,14685,9193,9703,9910,8451,10191,4939,0,2195,4003,7370,10548
武陵遊客中心,臺中市,22581,52952,20895,11503,9799,7707,24053,5444,7090,9280,20355,13979,16014,46340,19165,10691,7928,8966,17602,18843,8359,12813,18255,11618,14706,68008,15217,7597,7968,7743,16866,19268,7601,8544,16017,11543,16464,52456,10718,10664,5446,8480,15150,10200,8149,10717,5118,11840,10234,48093,20109,9482,7457,10900,21789,18539,7151,10937,12750,10249,9277,18909,6813,6040,4176,2611,8219,9737,8443,9433,7697,6613,8193,32714,17022,13069,6592,10459,17682,29461,9010,8454,12310,13419,11621,42651,20308,8462,4460,8350,16692,10251,8669,12231,14755,13008,13011,45724,11269,5860,5534,11305,21012,19722,10455,17134,16883,16641,13073,39125,18464,9471,3757,0,2241,6642,3772,10639
墾丁國家公園管理處遊客中心,屏東縣,7294,13380,14342,17822,4326,14930,18685,11390,10466,19945,14169,10584,11753,9195,16339,15193,12788,17305,24518,25097,22366,33060,29364,29186,20582,20738,27228,20308,20380,27175,20474,17221,16578,25922,23059,7069,19109,22869,22386,21865,7450,15213,21587,15242,13857,29586,22869,21107,19014,19099,23454,21149,7402,18512,12370,10580,8370,12845,7635,6044,6716,7991,6106,6272,6364,6363,7924,9102,7031,13669,11947,7944,5806,9185,7043,10255,5151,7676,6722,6627,3806,5474,4436,7430,5568,4406,4744,6100,6967,5480,6516,6249,4141,10586,7886,7481,2570,2687,1060,1114,1014,2412,3621,4977,2402,10173,2560,4129,3212,2951,3235,3652,2350,0,198,1100,1041,2022
鵝鑾鼻公園,屏東縣,97983,71121,124795,132621,150078,105592,140841,144874,94828,135955,118468,124173,75749,116169,97726,136287,119027,108756,147142,142143,102581,139502,115379,118162,86397,141135,126821,169042,139164,151398,189354,170225,110491,187622,142981,147974,97634,169801,107857,130638,133919,129398,175758,163790,113695,173584,130548,134218,84896,147141,123121,95425,122965,111531,116666,124286,56959,77349,79434,72324,42752,93920,68032,68492,66297,90579,80220,92780,52664,83967,75661,66645,39422,69925,53864,67362,57833,42673,66993,83150,39913,76939,58286,69846,52352,86352,60369,72794,87824,69531,88957,99372,39369,52151,37492,39720,18108,44340,19965,15261,8415,21067,49307,48340,33142,52385,35642,31133,25300,42677,27792,38014,24907,0,885,9722,19457,21129
貓鼻頭公園,屏東縣,110013,120006,219938,245203,264562,171297,193272,201073,154367,217072,225214,248262,148567,172044,212723,295292,206972,160380,204397,197884,164260,190992,190321,21254,157440,216321,258025,341256,247772,208057,254570,218588,176727,260333,246783,290343,184056,230546,187012,234529,249957,201717,232142,212435,170263,259476,242034,240977,152672,225213,258761,195942,145057,111531,86312,83683,6930,57744,75809,80921,45263,79145,73722,63478,12515,62831,57531,72862,49968,62450,88048,87167,53133,69205,64893,60932,76733,39043,43640,59359,36404,53787,57964,65409,51697,65573,78369,90865,102431,66948,74508,73787,27426,32621,36079,37372,13955,22547,8911,7150,4265,7001,16660,15278,11963,21416,14908,15026,7833,13612,9778,20602,9597,0,883,4946,9341,10946
佳樂水,屏東縣,23130,12348,7851,13659,13244,11419,22364,14583,1614,23319,9414,10308,7491,24942,11958,16153,13660,17660,23259,22773,8882,33254,14573,12294,9959,24205,16490,18971,21804,20156,29600,27571,15818,23287,15437,11728,13203,27989,16219,17085,14772,17062,25633,23949,17819,25645,21250,16110,16034,29999,15517,18536,19172,15640,27831,22255,5793,0,0,0,18452,18399,10360,16080,15298,11203,18060,15081,9842,14733,10357,9914,6779,16057,18150,28510,10911,7844,14541,10661,8355,12020,8418,13460,10191,16637,11837,12613,11532,10852,15128,12535,12023,15263,12107,11369,2247,8724,5734,5016,5306,11033,13125,13196,9337,17880,12884,11926,9170,13700,11247,12509,6651,0,1006,6876,7032,12984
社頂自然公園,屏東縣,35168,29869,50254,55719,60217,40673,51299,50439,34357,53778,50352,54440,33098,46373,46200,63595,48090,41165,53738,51423,39141,52263,45765,22690,36578,54908,57186,74713,58036,54059,67610,59262,43121,67323,57934,63802,42458,62101,44534,54559,56427,49240,61425,56587,42787,65268,56156,55531,36379,26597,17301,19205,19844,16959,20089,14531,9121,24188,19743,21912,21161,19386,16689,19756,18686,11262,14596,13980,11498,19467,16155,14582,6595,8784,8505,10125,8198,5266,6361,3926,5912,10765,8396,10875,8637,9482,8577,8130,7383,7062,5704,4021,7892,13373,9589,9225,7171,6764,5248,4303,3722,5556,6413,5507,8382,13362,11788,7998,8366,11664,11070,11516,5484,188,1124,4272,5983,12867
南灣遊憩區,屏東縣,14273,11435,12042,12037,28331,33942,66187,38282,25641,25301,13860,12343,12128,26542,22932,28384,33242,48756,56483,38306,27368,20686,15398,12064,17615,18227,22030,56892,42596,42665,40212,30472,27460,47494,21586,20434,21337,34736,33992,58002,62273,54157,67876,73247,40503,22643,12792,30290,31223,63653,55061,57905,66992,56717,70897,55393,27892,33232,32134,38137,36100,32790,25482,50710,51644,43851,59860,59209,38263,47438,37167,7609,28186,27441,27639,42556,33018,28696,42398,35877,25017,18975,21335,25713,25673,38780,41976,48566,50195,61229,50184,42026,20354,23802,15840,12979,14057,7044,7636,8766,12358,32364,37553,36275,39099,45221,22872,14344,14305,33493,24784,42865,21597,0,1434,27437,38825,46920
龍鑾潭自然中心,屏東縣,9461,5519,5002,8260,8258,7796,8824,5449,7433,10356,10464,8102,6667,8643,7484,10949,7902,7050,7603,7051,6752,13113,10663,8318,6293,7821,8372,7425,8338,7776,8485,6550,5137,9063,6924,7069,5930,6958,7157,7582,6387,6815,7082,5479,5235,8440,10918,8510,7188,5738,3216,6155,4548,3168,4262,3083,2112,3159,1839,367,2248,5295,4010,5237,4892,3113,3343,4058,4787,4235,3912,4136,5742,5904,6528,6926,4685,4422,3761,3336,4261,5574,4270,8281,8262,6123,4991,6083,5802,7413,7044,13463,8852,9758,9276,8500,7392,5500,3506,1740,2381,3553,4349,5414,4846,10214,7983,6848,7563,5694,5627,7661,1954,0,310,2322,2352,5224
砂島貝殼砂展示館,屏東縣,11011,5899,7080,14045,11460,11220,15020,14302,11618,12745,8285,10100,9040,12915,10575,18436,14320,12900,19940,13197,10520,11956,8635,9755,12891,13240,13020,15545,15535,13660,15013,14331,9740,13166,11032,9577,9570,15070,9517,4446,13419,13406,13638,12546,10609,13454,10234,10158,8741,14347,9309,14441,10643,10403,11626,7541,4679,11037,9926,9537,15573,18238,8458,12542,11449,10225,11762,12261,8155,11963,7900,9570,9606,23171,8626,12009,10952,10490,14230,13275,12720,17315,12325,16130,15993,28939,16539,15485,13553,15970,18322,13463,8003,10444,9447,11011,11665,8368,5781,2579,3507,8326,13007,8060,7456,10598,7970,8565,6769,9431,6592,9296,3673,0,325,2540,2335,2590
太魯閣國家公園遊客中心,花蓮縣,38084,49818,50077,65072,49089,69406,97675,125203,76801,99535,117139,97284,62312,91263,67773,102049,233008,218032,208832,168460,139764,179035,139871,156056,119542,168130,155227,171836,189870,188885,260278,292543,155390,198159,161135,223757,154073,187397,173096,223327,220039,218728,256567,306501,189636,262126,227656,191136,215941,208608,186926,188726,168588,115177,135822,118808,66101,114525,99767,81806,75893,89029,69708,96743,88599,81677,111580,124540,69769,119648,99650,83365,66469,45114,49641,74514,66291,69121,85304,96049,61888,69611,75196,82510,59884,60050,71186,72956,84561,85380,100387,88777,53252,68274,66831,55304,50485,46152,22399,18954,28692,44438,69265,70246,46222,52790,51567,28214,30895,28888,21148,29099,9855,0,4443,19052,19058,23810
布洛灣遊憩區,花蓮縣,49002,47216,37872,54038,42751,42106,71392,38338,42918,47875,46417,37951,30563,57860,40306,46412,7698,8095,18321,32203,24482,25700,34686,49005,39204,27403,34782,43516,44482,65955,62924,35451,79807,99344,74386,62832,52048,52264,38681,57054,54973,57309,57058,43550,39785,34972,34763,36073,35153,48895,52226,42967,37837,23003,29886,30973,14795,18677,15642,16503,16347,17056,16111,20379,20190,14948,23325,33563,21388,26632,23327,19557,17709,8341,13140,16475,16315,22856,23519,28010,13976,21978,20223,20204,19830,18613,16557,14008,15667,20385,18991,13998,13677,20581,19074,14624,15951,11153,9817,7122,7812,10316,17740,27531,34097,40412,37033,28741,37478,38790,39779,39584,17430,254,5167,10557,13227,20859
臺八線沿線景觀區,花蓮縣,257658,227447,264916,328684,310066,230021,294889,157572,217592,301852,385195,361965,263263,295700,306227,333086,135639,138866,201261,225261,148735,176266,189017,221375,220707,315295,274711,291781,268849,264552,298385,286803,278251,313098,266657,245690,265621,324985,250681,267474,340904,269595,342767,291653,259534,309004,271696,243259,237546,304800,274227,232256,230903,177917,256774,199070,101456,132316,137860,152373,301188,334827,247116,295903,342404,167250,325457,353779,229861,238784,223636,230068,193605,132130,129927,211046,221065,262122,394427,408119,248751,297595,289202,316288,254761,393364,273656,286547,254628,305073,425932,312656,284380,382088,307581,275094,292375,318014,183311,176449,193196,301021,388840,383170,260313,279451,239928,185834,184221,260498,176826,259986,162439,22824,68445,119819,164020,153988
中山林遊客中心,金門縣,6761,6724,10335,13070,14359,14359,21490,15499,11421,13293,10023,8238,6050,7470,7581,12419,13502,13850,17729,7993,12372,13531,11192,8508,4602,6933,8306,11553,11375,11763,15988,11278,9223,9802,7513,7063,6779,7541,7006,7182,9669,8952,10349,9326,7848,9434,8715,7112,7737,6658,8418,11660,12328,10936,4368,3790,9384,4597,4142,3760,3616,3930,4595,12542,13156,12490,15210,13155,10218,12517,11689,10129,10576,10594,13122,12930,13441,12129,14024,13812,12075,11674,10530,11810,10849,9406,11836,13041,15212,13868,14052,12484,10829,13109,13420,13004,8988,3397,1605,909,1102,4391,7498,7778,5452,5909,4070,2705,2313,2049,2247,2869,1624,0,38,400,858,1586
翟山坑道,金門縣,17774,18470,34199,50537,46596,37034,49735,38635,29552,45085,36941,26445,15021,18045,23843,36589,32130,38113,41179,38467,31818,36202,35983,26087,15086,21804,32930,39664,45551,44221,55596,40608,33107,42405,38944,31037,29378,28817,29896,45673,48845,42766,51906,49819,40186,52588,53539,44152,31820,30137,37926,42346,54331,47854,47330,40126,22956,36133,39987,32157,28729,25420,32317,43316,47484,42894,50717,47750,32756,54848,44500,33712,25779,26746,37485,50047,50867,48280,55786,59556,40764,53449,43304,48084,30546,32868,43605,46609,58770,53041,56656,45779,30788,46869,44988,33311,16779,5030,3351,1836,6157,21402,45364,57693,49175,51366,29918,22059,19949,15142,25192,31365,19215,0,127,2000,5106,13026
雙鯉溼地自然中心,金門縣,11135,10221,14807,19710,22814,23407,27285,20369,15966,20930,20756,13601,8143,11483,10853,16789,21148,24923,25661,22217,18504,14173,5154,13751,8016,11225,17846,21447,24120,24682,30444,21327,15242,21653,15809,11455,11641,12670,12282,15892,20017,18942,21388,19991,16520,22050,17536,12717,10375,10266,13268,16158,22924,23346,25547,21746,14459,21967,17500,13235,10386,8752,10956,15724,19493,16266,19257,17594,11531,16864,12773,10231,6193,6974,9812,13403,15588,14748,16469,14501,11500,15546,10585,10113,7381,7668,11105,12623,18878,17330,15717,11487,13449,12040,0,0,5640,1988,1097,829,2129,6658,14440,16646,13318,13872,8045,4255,3233,2538,3407,5227,3388,0,8,389,689,1859
古寧頭戰史館,金門縣,13132,11486,13377,15945,20744,20145,28036,19053,16257,21420,17123,14997,8485,10456,11577,15635,20982,24272,26417,23035,20444,24478,18244,12251,7453,12064,15984,17592,24441,26418,30323,23807,17638,23416,17246,12066,13008,13068,11595,14064,20004,19412,23303,19870,18526,26830,19047,13744,11169,15107,13790,17313,26106,27712,31368,25833,11463,29411,21115,15428,13904,13471,14772,20306,23345,19471,21541,21336,15463,23195,18493,14240,9172,9695,15947,19961,22518,22876,25681,23927,18597,23145,15851,14804,12065,12837,15821,16654,23078,22205,22083,16205,22215,29026,24471,19415,9711,3382,2074,1107,3728,13737,25958,31860,25869,31119,17539,12089,9902,7296,11669,16280,9606,0,29,982,2153,5935
九宮(四維)坑道,金門縣,6573,3625,6908,10529,12346,13663,15983,13057,10966,13055,8281,5677,3037,5795,4833,6445,12072,14013,15258,11884,12434,12907,9762,5407,3316,5689,8803,9217,12132,14319,19024,12756,9666,13300,9474,5940,6589,5691,5435,7571,10995,9593,12742,9749,9288,13824,9915,6270,5827,7338,7032,9317,15891,17040,18821,12060,9693,13636,8952,8054,6530,6327,7855,11576,16241,14058,17353,14919,10104,13708,9027,6284,3915,4176,8137,12538,14917,13905,17636,14533,11055,14136,9920,8214,5241,5153,9952,10975,16232,17987,15498,9962,15860,24413,19631,15430,5846,2467,1419,741,1536,9639,23529,29239,28584,34569,17687,16430,8119,7668,10606,15782,9972,0,11,590,1793,4031
八二三砲戰紀念館,金門縣,10169,6589,9375,11941,16970,15691,21600,17227,11865,13966,11567,9182,6080,9864,8008,10752,15390,16648,18835,16316,14175,15653,11830,8251,5791,8457,11309,12138,16887,18703,22898,17064,11842,14429,10675,7558,9385,7853,7383,9650,13487,12381,15356,12235,10935,15894,10982,8807,7901,8543,9563,12083,17466,17466,18422,14812,11923,17664,12242,9255,7505,8011,9636,13016,15600,15258,18568,17035,12117,18427,12949,8941,6496,7183,12731,15144,15503,14364,17852,16257,11803,17941,12294,12575,9278,8895,11922,12743,17428,16453,15218,11362,15422,25210,19718,17904,7953,3036,2446,904,2839,9785,18123,24858,21232,23104,13516,8473,7238,5557,7677,9281,5690,0,48,726,1516,3491
湖井頭戰史館,金門縣,6858,4692,8219,10852,14219,14106,17148,14088,11245,13729,9323,6373,3291,6137,5202,9076,12773,14409,16005,12473,12276,13166,9725,6010,2998,5894,9357,9784,13822,15917,18083,12724,9856,12250,9033,5961,6713,5935,6318,8103,11385,11528,14418,11230,10267,16010,10561,7601,6095,7892,8454,9421,16992,16753,19084,13251,9878,15934,11102,8966,7705,7499,8847,12881,17690,15552,19043,15906,8853,16011,12117,7444,4750,4977,9432,13879,15806,14531,18510,15557,12619,15659,10693,9384,5774,6179,10934,11491,16674,17808,16077,10069,16500,25538,20765,16214,6291,2504,1495,831,2531,10426,24428,30882,30482,36059,18030,11943,8300,8064,11004,17083,10747,0,0,0,0,3299
金水學校,金門縣,9342,9552,14592,16860,18217,16339,23210,17392,14363,21359,18118,14789,9314,11811,13589,18722,18811,18106,21850,20833,15873,18702,21370,11731,7635,9602,14814,20071,20612,19418,24988,19607,13470,23332,19800,15873,13426,12877,13165,18466,22082,20030,21001,21886,10132,20789,19439,15633,12854,12485,13706,16272,22639,19537,22793,20973,16018,22776,19818,17032,19048,15752,18667,18835,22777,19553,24318,22296,14506,26124,25037,21290,12497,13048,14963,23015,23719,20631,25558,27571,21753,27772,22151,22168,15526,15262,11219,11262,14460,14476,13604,10504,9241,12757,10721,7562,5521,2351,1556,1012,2298,5393,9444,10744,8936,12592,8869,5645,6236,5029,6401,7236,4659,0,46,766,1718,4611
蔣經國先生紀念館,金門縣,8641,8804,18566,22364,24564,18770,23083,17964,14556,21730,18388,14450,7680,9642,13898,20129,21619,18761,18833,17542,16437,20094,19612,13146,6903,9985,15045,20618,21457,18710,20886,15180,12601,17285,14227,13181,11379,10676,13582,22314,22559,18229,20659,22939,18987,25296,26124,22468,19263,13187,24939,23574,26248,22293,20541,21009,11380,22458,20907,17680,14679,11270,19488,18524,21107,16750,18079,16602,13319,23137,23931,18528,11108,11531,18203,20960,20089,17598,19062,20226,15306,20831,20410,22539,17775,16493,25493,24341,30926,21256,20626,19766,10431,15655,14751,13786,6007,2891,2354,634,937,4010,8487,9781,8692,9620,6513,4909,3631,2395,4887,5267,2722,0,15,241,556,1503
民俗文化村,金門縣,7604,5745,9113,10367,13885,13184,17713,14638,10939,13764,10982,7947,4591,8231,6339,10168,14312,14476,16144,14342,13133,15203,12738,7359,4317,7154,11670,12131,15995,15694,19985,12860,11270,15409,12247,9606,9876,12265,9281,13419,18102,15586,18769,16424,16214,23695,21212,17243,14140,15097,17021,21305,27353,24254,26567,23852,19507,27936,24576,21685,18377,16430,21823,24830,31724,27619,28860,30017,22221,31356,25966,21433,15024,16368,25085,30789,32237,30933,32132,31906,24156,32876,26277,26536,20958,18412,31091,28019,36163,33296,31012,25449,24656,40711,35435,30464,18856,6627,4012,2599,5250,17076,32909,42236,40039,45109,26934,20216,18346,14606,20184,26720,14724,0,0,0,0,0
冷水坑,臺北市,0,0,0,0,0,0,0,0,0,0,0,0,0,0,0,0,0,0,0,0,0,0,0,0,0,0,0,0,0,0,0,0,0,0,0,0,0,0,0,0,0,0,0,0,0,0,0,0,0,0,0,0,0,0,0,0,0,0,0,0,0,0,0,0,0,0,0,0,0,0,0,0,0,0,0,0,0,0,0,0,0,0,0,0,24167,44003,46344,45917,37508,54834,59303,67573,46038,58419,74151,59243,43952,46861,58151,28272,35572,45194,58141,49737,37474,53017,49737,36609,45076,37350,36986,53933,23061,2714,7777,19289,25368,25641
擎天崗,臺北市,0,0,0,0,0,0,0,0,0,0,0,0,0,0,0,0,0,0,0,0,0,0,0,0,0,0,0,0,0,0,0,0,0,0,0,0,0,0,0,0,0,0,0,0,0,0,0,0,0,0,0,0,0,0,0,0,0,0,0,0,0,0,0,0,0,0,0,0,0,0,0,0,0,0,0,0,0,0,0,0,0,0,0,0,35287,37730,34293,47182,40755,50246,52741,43875,51621,80294,78972,56932,64208,74443,32642,34083,37021,52060,45108,48245,28382,47421,48245,26239,40270,49435,37515,45944,22426,827,7735,22205,23454,23454
得月樓,金門縣,0,0,0,0,0,0,0,0,0,0,0,0,0,0,0,0,0,0,0,0,0,0,0,0,0,0,0,0,0,0,0,0,0,0,0,0,0,0,0,0,0,0,0,0,0,0,0,0,0,0,0,0,0,0,0,0,0,0,0,0,0,0,0,0,0,0,0,0,0,0,0,0,0,0,0,0,0,0,0,0,0,0,0,0,15506,13265,13551,13182,16939,17238,15189,12187,11923,14746,12535,8297,6568,2670,1850,1231,2751,6958,10063,12446,13059,18776,12194,7722,8239,7606,9613,11178,7179,0,44,983,2303,6308
