職業,1980/01,1980/02,1980/03,1980/04,1980/05,1980/06,1980/07,1980/08,1980/09,1980/10,1980/11,1980/12,1981/01,1981/02,1981/03,1981/04,1981/05,1981/06,1981/07,1981/08,1981/09,1981/10,1981/11,1981/12,1982/01,1982/02,1982/03,1982/04,1982/05,1982/06,1982/07,1982/08,1982/09,1982/10,1982/11,1982/12,1983/01,1983/02,1983/03,1983/04,1983/05,1983/06,1983/07,1983/08,1983/09,1983/10,1983/11,1983/12,1984/01,1984/02,1984/03,1984/04,1984/05,1984/06,1984/07,1984/08,1984/09,1984/10,1984/11,1984/12,1985/01,1985/02,1985/03,1985/04,1985/05,1985/06,1985/07,1985/08,1985/09,1985/10,1985/11,1985/12,1986/01,1986/02,1986/03,1986/04,1986/05,1986/06,1986/07,1986/08,1986/09,1986/10,1986/11,1986/12,1987/01,1987/02,1987/03,1987/04,1987/05,1987/06,1987/07,1987/08,1987/09,1987/10,1987/11,1987/12,1988/01,1988/02,1988/03,1988/04,1988/05,1988/06,1988/07,1988/08,1988/09,1988/10,1988/11,1988/12,1989/01,1989/02,1989/03,1989/04,1989/05,1989/06,1989/07,1989/08,1989/09,1989/10,1989/11,1989/12,1990/01,1990/02,1990/03,1990/04,1990/05,1990/06,1990/07,1990/08,1990/09,1990/10,1990/11,1990/12,1991/01,1991/02,1991/03,1991/04,1991/05,1991/06,1991/07,1991/08,1991/09,1991/10,1991/11,1991/12,1992/01,1992/02,1992/03,1992/04,1992/05,1992/06,1992/07,1992/08,1992/09,1992/10,1992/11,1992/12,1993/01,1993/02,1993/03,1993/04,1993/05,1993/06,1993/07,1993/08,1993/09,1993/10,1993/11,1993/12,1994/01,1994/02,1994/03,1994/04,1994/05,1994/06,1994/07,1994/08,1994/09,1994/10,1994/11,1994/12,1995/01,1995/02,1995/03,1995/04,1995/05,1995/06,1995/07,1995/08,1995/09,1995/10,1995/11,1995/12,1996/01,1996/02,1996/03,1996/04,1996/05,1996/06,1996/07,1996/08,1996/09,1996/10,1996/11,1996/12,1997/01,1997/02,1997/03,1997/04,1997/05,1997/06,1997/07,1997/08,1997/09,1997/10,1997/11,1997/12,1998/01,1998/02,1998/03,1998/04,1998/05,1998/06,1998/07,1998/08,1998/09,1998/10,1998/11,1998/12,1999/01,1999/02,1999/03,1999/04,1999/05,1999/06,1999/07,1999/08,1999/09,1999/10,1999/11,1999/12,2000/01,2000/02,2000/03,2000/04,2000/05,2000/06,2000/07,2000/08,2000/09,2000/10,2000/11,2000/12,2001/01,2001/02,2001/03,2001/04,2001/05,2001/06,2001/07,2001/08,2001/09,2001/10,2001/11,2001/12,2002/01,2002/02,2002/03,2002/04,2002/05,2002/06,2002/07,2002/08,2002/09,2002/10,2002/11,2002/12,2003/01,2003/02,2003/03,2003/04,2003/05,2003/06,2003/07,2003/08,2003/09,2003/10,2003/11,2003/12,2004/01,2004/02,2004/03,2004/04,2004/05,2004/06,2004/07,2004/08,2004/09,2004/10,2004/11,2004/12,2005/01,2005/02,2005/03,2005/04,2005/05,2005/06,2005/07,2005/08,2005/09,2005/10,2005/11,2005/12,2006/01,2006/02,2006/03,2006/04,2006/05,2006/06,2006/07,2006/08,2006/09,2006/10,2006/11,2006/12,2007/01,2007/02,2007/03,2007/04,2007/05,2007/06,2007/07,2007/08,2007/09,2007/10,2007/11,2007/12,2008/01,2008/02,2008/03,2008/04,2008/05,2008/06,2008/07,2008/08,2008/09,2008/10,2008/11,2008/12,2009/01,2009/02,2009/03,2009/04,2009/05,2009/06,2009/07,2009/08,2009/09,2009/10,2009/11,2009/12,2010/01,2010/02,2010/03,2010/04,2010/05,2010/06,2010/07,2010/08,2010/09,2010/10,2010/11,2010/12,2011/01,2011/02,2011/03,2011/04,2011/05,2011/06,2011/07,2011/08,2011/09,2011/10,2011/11,2011/12,2012/01,2012/02,2012/03,2012/04,2012/05,2012/06,2012/07,2012/08,2012/09,2012/10,2012/11,2012/12,2013/01,2013/02,2013/03,2013/04,2013/05,2013/06,2013/07,2013/08,2013/09,2013/10,2013/11,2013/12,2014/01,2014/02,2014/03,2014/04,2014/05,2014/06,2014/07,2014/08,2014/09,2014/10,2014/11,2014/12,2015/01,2015/02,2015/03,2015/04,2015/05,2015/06,2015/07,2015/08,2015/09,2015/10,2015/11,2015/12,2016/01,2016/02,2016/03,2016/04,2016/05,2016/06,2016/07,2016/08,2016/09,2016/10,2016/11,2016/12,2017/01,2017/02,2017/03,2017/04,2017/05,2017/06,2017/07,2017/08,2017/09,2017/10,2017/11,2017/12,2018/01,2018/02,2018/03,2018/04,2018/05,2018/06,2018/07,2018/08,2018/09,2018/10,2018/11,2018/12,2019/01,2019/02,2019/03,2019/04,2019/05,2019/06,2019/07,2019/08,2019/09,2019/10,2019/11,2019/12,2020/01,2020/02,2020/03,2020/04,2020/05,2020/06,2020/07,2020/08,2020/09,2020/10,2020/11,2020/12,2021/01,2021/02,2021/03,2021/04,2021/05,2021/06,2021/07,2021/08,2021/09,2021/10,2021/11
工業及服務業,6984,7042,7157,7238,7437,7518,7834,8077,8219,8410,8473,8612,8943,9158,8950,9232,9387,9412,9635,9846,9963,10071,10077,10138,10241,10158,10262,10308,10415,10410,10430,10444,10491,10459,10496,10649,10501,10425,10746,10817,11023,11007,11026,11163,11271,11285,11340,11546,11595,11291,11792,11878,11981,11924,12037,12170,12138,12280,12321,12470,12371,11786,12304,12424,12498,12445,12664,12613,12634,12805,12863,13008,13186,12419,13151,13125,13250,13175,13285,13273,13251,13512,13454,13726,13561,13390,13826,13911,14048,14003,14254,14461,14508,14621,14678,14884,14953,14466,15115,15195,15334,15330,15577,15842,15960,16118,16288,16489,16598,16047,16897,16905,17196,17202,17815,18043,18076,18413,18496,18760,18659,18617,19215,19256,19488,19454,20159,20406,20537,20818,20878,21056,21379,20645,21388,21510,21777,21774,22156,22458,22525,22806,22838,22991,23322,22664,23507,23601,23784,23756,23932,24115,24223,24489,24489,24847,24539,24738,25198,25300,25535,25477,25667,25853,25879,26099,26190,26541,26685,25785,26707,26806,27050,27001,27139,27245,27299,27492,27592,27851,27865,27230,28026,28038,28399,28213,28447,28674,28701,28851,28908,29116,29343,28727,29302,29498,29735,29611,29762,29928,29960,30181,30205,30412,30653,29834,30742,30920,31048,30854,31098,30931,30939,31290,31266,31542,31317,31320,31858,31896,32024,31922,32067,32037,32090,32131,32118,32365,32580,31822,32636,32930,33068,33102,33156,33223,32783,33316,33574,33989,34031,32925,33786,33826,33952,34020,34026,34029,33961,34181,34098,34261,34081,34077,34436,34146,34203,34321,34749,35018,34388,34668,34795,34930,35049,33996,34712,34947,34858,34694,34787,34909,34579,34734,34615,35060,35039,34165,34631,34725,34534,34690,35171,34897,34862,34942,34787,35187,34856,34945,35097,35105,35072,34956,35053,35046,35087,35175,35247,35501,35571,34465,35448,35382,35483,35362,35294,35442,35362,35442,35538,35781,35823,35148,35608,35637,35709,35636,35648,35810,35871,35785,35884,36120,36232,35558,36164,36129,36271,36276,36291,36741,36417,36543,36535,36633,36803,36207,36556,36703,36684,36517,36522,36525,36586,36513,35597,35366,34913,35094,35489,35563,35539,35688,35662,35641,35792,35896,35876,36306,36233,35559,36072,36206,36233,36245,36168,36270,36273,36438,36394,36677,36684,36049,36555,36630,36687,36585,36695,36879,36939,37017,36916,37157,36955,36975,37284,37324,37340,37255,37285,37080,37107,37201,37167,37343,37516,37071,37457,37506,37585,37545,37607,37646,37585,37637,37621,37842,37961,37554,37965,38073,38116,38204,38529,38293,38385,38483,38286,38726,38553,38156,38523,38596,38636,38826,38863,38770,38742,38932,38823,39111,39125,38625,39185,39213,39236,39125,39176,39282,39106,39338,39434,39697,39650,39345,39754,39800,39860,39842,39850,40030,40086,40175,40195,40530,40753,40433,40757,40714,40882,40810,40935,41220,41139,41229,41239,41378,41588,41134,41550,41644,41780,41654,41847,41992,41769,41968,41992,42380,42249,42209,42201,42026,42091,42226,42380,42521,42635,42651,42657,42865,43116,42821,43212,43188,42838,42607,42902,43209,43379,43590,43643
男性,8031,8050,8151,8311,8484,8573,9089,9308,9465,9663,9708,9880,10542,10850,10593,10876,11061,11092,11369,11584,11657,11827,11805,11908,12098,12200,12209,12252,12313,12312,12364,12355,12400,12367,12401,12556,12368,12371,12664,12749,13010,12985,13051,13273,13377,13380,13410,13616,13607,13294,13904,14003,14093,14063,14242,14389,14342,14492,14546,14657,14567,14004,14528,14688,14752,14663,15021,14971,14966,15138,15228,15372,15520,14710,15486,15427,15546,15437,15586,15599,15528,15825,15780,16063,15940,15745,16172,16271,16410,16326,16669,16904,16959,17082,17121,17349,17455,16931,17634,17720,17871,17872,18242,18565,18701,18903,19091,19319,19489,18841,19774,19787,20086,20074,20864,21182,21226,21557,21644,21898,21807,21726,22406,22417,22682,22590,23556,23787,23933,24261,24334,24530,24907,24034,24918,25061,25355,25321,25810,26155,26218,26537,26578,26725,27169,26350,27368,27449,27632,27634,27869,28138,28236,28522,28568,28961,28540,28819,29312,29411,29657,29562,29843,30035,30039,30309,30389,30793,30968,29766,30916,30968,31242,31153,31333,31425,31451,31648,31797,32011,31938,31142,32143,32088,32578,32344,32591,32838,32838,33005,33047,33228,33507,32683,33428,33670,33898,33803,33999,34188,34215,34478,34492,34681,34939,33871,34990,35104,35328,34987,35265,35090,35128,35564,35473,35724,35415,35300,35983,35928,36022,35959,36172,36163,36164,36214,36227,36455,36675,35753,36745,37061,37199,37256,37288,37350,36834,37371,37668,37980,38088,36800,37763,37839,38086,38070,38138,38165,38181,38315,38163,38243,37902,38088,38564,38196,38280,38104,38416,38603,38139,38502,38505,38640,38735,37550,38445,38615,38665,38260,38476,38362,38028,38357,38293,38578,38643,37583,38311,38385,38187,38110,38489,38457,38321,38509,38234,38612,38203,38317,38718,38681,38683,38480,38652,38634,38677,38765,38854,39160,39245,37684,38951,38809,38930,38765,38707,38959,38772,38867,39021,39196,39176,38270,38997,39017,39130,38958,38970,39161,39106,39039,39135,39336,39523,38528,39387,39291,39555,39385,39548,39698,39471,39789,39769,39887,40041,39228,39906,39977,40144,39857,39831,39981,39838,39970,38860,38536,38025,38174,38672,38735,38776,38853,38908,38814,39032,39165,39077,39448,39398,38512,39249,39295,39357,39257,39263,39421,39328,39524,39515,39815,39816,38929,39655,39678,39826,39674,39828,40027,40058,40177,40097,40316,39930,39991,40299,40318,40401,40272,40328,40128,40094,40338,40237,40389,40614,39938,40556,40530,40729,40585,40681,40630,40617,40744,40686,40898,40986,40381,40972,41056,41100,41077,41298,41261,41281,41479,41259,41664,41567,40956,41500,41483,41570,41651,41757,41623,41562,41805,41657,41919,41889,41227,41923,41920,41969,41860,41905,42095,41894,42126,42244,42475,42422,42018,42487,42428,42569,42614,42625,42866,42801,42882,42948,43162,43511,43016,43501,43382,43646,43493,43630,43848,43814,44027,44056,44135,44459,43839,44377,44443,44681,44414,44663,44701,44575,44873,44832,45151,44972,44923,45024,44893,44921,44985,45131,45203,45286,45415,45430,45628,45881,45500,46108,46057,45755,45487,45771,46024,46240,46494,46566
女性,5517,5631,5773,5724,5951,6006,6109,6372,6467,6622,6692,6808,6641,6784,6627,6922,7041,7030,7220,7439,7594,7618,7673,7689,7751,7436,7646,7691,7857,7845,7843,7899,7910,7893,7914,8054,7984,7825,8160,8214,8339,8330,8357,8384,8461,8509,8591,8808,8927,8621,8945,9033,9149,9069,9134,9260,9218,9341,9360,9552,9449,8844,9346,9406,9496,9499,9545,9497,9531,9701,9721,9876,10107,9391,10066,10079,10205,10171,10254,10214,10253,10466,10392,10655,10452,10294,10718,10779,10897,10903,11082,11270,11285,11385,11456,11631,11652,11218,11791,11864,11978,11969,12099,12306,12395,12465,12605,12762,12791,12365,13084,13076,13340,13391,13806,13926,13944,14257,14331,14596,14482,14486,14958,15038,15199,15264,15664,15939,16039,16262,16292,16451,16717,16175,16723,16793,17017,17050,17313,17539,17596,17817,17822,17991,18187,17743,18309,18413,18579,18524,18655,18745,18843,19068,19007,19310,19154,19246,19638,19738,19933,19921,20031,20201,20240,20402,20498,20780,20908,20383,20972,21131,21328,21360,21473,21612,21666,21863,21883,22202,22349,21947,22433,22546,22747,22636,22859,23073,23120,23256,23346,23596,23766,23426,23769,23906,24135,23984,24096,24226,24263,24441,24484,24707,24921,24463,25073,25326,25326,25318,25541,25387,25371,25600,25648,26021,25917,26088,26442,26605,26779,26611,26679,26629,26757,26809,26752,27034,27256,26729,27312,27571,27710,27723,27829,27906,27563,28094,28294,28854,28835,27978,28700,28692,28674,28863,28814,28806,28636,28947,28956,29228,29277,29022,29235,29072,29084,29570,30143,30509,29681,29876,30151,30288,30449,29601,30100,30412,30141,30266,30209,30640,30315,30259,30070,30724,30588,29939,30084,30205,30011,30469,31073,30527,30626,30581,30567,30994,30764,30820,30675,30740,30660,30657,30662,30666,30708,30803,30863,31049,31095,30554,31174,31193,31270,31208,31141,31178,31225,31287,31321,31647,31778,31388,31520,31574,31579,31633,31650,31773,31968,31853,31967,32240,32267,31990,32290,32336,32329,32544,32386,33204,32769,32660,32661,32734,32924,32600,32560,32796,32557,32521,32559,32388,32693,32381,31690,31543,31189,31409,31676,31761,31670,31894,31777,31834,31916,31987,32042,32550,32446,32028,32267,32500,32484,32620,32451,32498,32626,32759,32674,32930,32935,32606,32844,32990,32951,32913,32972,33142,33245,33269,33135,33404,33431,33389,33696,33769,33706,33678,33673,33464,33577,33493,33538,33747,33845,33681,33791,33932,33871,33953,33976,34132,34026,33989,34028,34253,34412,34247,34436,34580,34627,34853,35303,34848,35038,35020,34853,35327,35070,34926,35089,35261,35253,35566,35523,35478,35489,35610,35544,35860,35930,35626,36021,36092,36083,35972,36028,36049,35908,36142,36215,36512,36474,36281,36616,36775,36746,36659,36665,36771,36974,37076,37044,37517,37593,37481,37604,37648,37704,37731,37840,38206,38080,38033,38025,38235,38384,38109,38390,38507,38527,38549,38676,38951,38628,38719,38813,39279,39195,39165,39032,38797,38902,39117,39271,39493,39647,39545,39543,39763,40015,39825,39977,39985,39576,39369,39677,40060,40195,40366,40397
工業,6343,6396,6547,6614,6856,6962,7133,7344,7465,7649,7716,7868,8202,8466,8296,8541,8738,8728,8908,9093,9209,9356,9374,9472,9521,9482,9590,9631,9761,9750,9767,9753,9775,9760,9801,9999,9737,9628,10061,10175,10446,10428,10426,10573,10652,10680,10747,10976,11015,10469,11137,11213,11298,11188,11283,11395,11290,11530,11612,11797,11765,10897,11595,11681,11785,11714,11864,11840,11815,12070,12149,12337,12406,11328,12329,12353,12505,12383,12519,12501,12484,12773,12699,13004,12722,12432,13179,13217,13374,13310,13496,13642,13688,13809,13851,14149,14189,13438,14377,14473,14664,14643,14794,15112,15213,15402,15594,15857,15979,15049,16306,16274,16643,16587,16895,17235,17154,17497,17645,17909,17597,17537,18344,18390,18686,18633,19120,19364,19427,19715,19837,20065,20328,19129,20274,20383,20729,20600,21026,21396,21419,21796,21877,22065,22317,21270,22504,22593,22815,22737,22898,23174,23230,23651,23723,24134,23468,23753,24417,24459,24756,24606,24728,24925,24963,25220,25286,25765,25868,24316,25881,25852,26195,26044,26169,26295,26309,26507,26707,27012,26772,25711,27141,26973,27514,27096,27318,27618,27503,27723,27819,28018,28280,27076,28114,28189,28431,28142,28314,28410,28369,28662,28649,28876,29039,27580,29017,29094,29403,29127,29323,29388,29482,30103,30009,30203,29667,29188,29963,30087,30261,30157,30328,30283,30224,30301,30342,30686,30839,29469,30849,30944,31102,31060,31194,31206,30841,31464,31719,32008,31814,30386,31706,31762,31982,32038,32117,32120,32112,32326,32218,32321,31767,31775,32352,32083,32280,32092,32199,32328,31869,32338,32256,32337,32436,31022,32155,32245,32460,32092,32394,32321,32095,32560,32432,32693,32732,31595,32605,32625,32715,32421,32644,32704,32512,32869,32620,33048,32342,32714,33121,33100,33134,32960,33104,32995,33007,33321,33380,33671,33746,32022,33623,33481,33642,33502,33512,33774,33675,33952,34209,34302,34153,33290,34219,34120,34249,34129,34179,34421,34283,34364,34535,34664,34918,33580,34799,34621,34980,34560,34653,34690,34444,34978,34921,35035,35264,34108,35181,35133,35334,35025,35093,35240,35078,35183,33785,33113,32440,32735,33389,33487,33552,33711,33737,33620,33832,34070,34038,34300,34326,33250,34358,34254,34409,34323,34388,34469,34331,34559,34530,34701,34727,33699,34721,34627,34789,34628,34750,34946,34868,35058,35041,35163,34683,34927,35326,35201,35411,35114,35236,35165,35139,35492,35430,35497,35665,34777,35684,35571,35826,35573,35721,35648,35655,35895,35814,35924,35990,35334,36054,36065,36195,36056,36201,36361,36263,36514,36250,36513,36480,35751,36422,36371,36433,36458,36654,36648,36631,36871,36804,37039,36999,36195,37044,36897,37069,36859,36893,37133,36849,37124,37101,37305,37264,36915,37516,37401,37602,37583,37609,37870,37772,37792,37840,38042,38430,37756,38406,38247,38521,38410,38559,38676,38636,38814,38751,38822,39231,38634,39212,39193,39423,39144,39368,39329,39234,39479,39410,39642,39598,39563,39729,39622,39656,39686,39789,39838,39998,40087,40145,40312,40724,40329,40969,40868,40840,40904,41046,41146,41122,41254,41270
礦業及土石採取業,10987,8254,9940,10945,10998,12064,11924,11804,11693,12826,12538,11751,14417,16888,13440,13542,13757,13314,13960,14531,14154,15011,14987,15930,16227,13480,15319,15681,14808,14328,14249,14170,14453,15022,14972,15464,14918,11398,14031,14012,14159,14084,14495,14693,14654,15076,15556,16185,16555,12367,15650,15290,15683,14844,14645,14643,15257,15935,15860,16023,16563,13189,14911,15966,16365,15699,16078,15706,15737,16126,15813,16139,16518,12354,16007,16728,16513,15870,16374,16005,15804,16601,15990,17033,16168,14142,16563,16562,16696,16782,17044,17554,16797,17115,16965,17390,17711,15191,17699,17446,17886,17533,17996,18175,17733,18417,18726,19536,19376,16773,19448,18616,18971,19025,20368,20123,19774,20396,21285,21205,20401,20233,21206,21126,20685,20918,22344,22562,22689,23255,24044,24236,24476,22431,24501,24686,25432,25199,24273,24087,24245,24920,25162,25366,25377,23747,25492,25410,25699,25722,25636,25702,25874,26230,26968,27149,26303,26961,27322,27696,27941,26971,27348,27378,27782,29511,28558,28396,28899,26371,28625,30661,29705,28651,28726,28881,28691,30153,29982,29827,30636,28536,29983,30619,30805,30061,30134,30183,30333,30918,31965,32107,31764,31156,32551,31475,30920,30687,30918,30698,30823,31162,31816,32182,32013,30293,31886,32021,32754,32328,32570,32673,32835,32986,33052,33194,33133,32885,33270,33573,33428,33451,33684,33594,33793,33664,33805,34029,33794,33465,34415,35057,35003,34801,34594,34532,34750,35699,35770,35687,36284,35641,36137,36310,36111,36166,36240,36033,36472,36161,36131,36441,36085,36621,37364,36617,36921,36101,36696,36785,37937,38323,38605,38868,39301,38170,39040,38950,38836,38755,38907,38877,38783,39083,38908,39062,39209,38085,39287,39464,39884,39717,40163,39874,39260,39398,39536,39658,38815,39095,39643,39793,39985,39901,39577,39430,39150,39699,39918,39899,40362,38809,40433,40410,40535,40824,40158,40159,40034,40581,40608,40754,41012,40482,40946,40881,41016,40949,40895,40694,39948,39867,40193,40748,40745,40097,41008,40774,40777,40885,40943,40961,40442,40391,40124,39887,39973,39308,40291,40351,40561,39992,39644,39689,39251,39444,39562,39794,39807,40342,40381,40297,39998,40911,40828,40650,40705,40361,40721,40750,41185,40604,40535,40702,40855,41014,41167,41134,40609,40510,40147,40834,41093,40970,41309,41191,41378,41348,41450,41117,41335,41165,41345,41629,41358,41526,41970,41608,41345,41528,41775,41662,41638,42738,42436,42399,43025,42646,42571,43074,42777,42794,42835,42392,42384,43104,43350,43025,43256,42952,42966,42901,42533,42442,43133,43426,43222,43247,42965,43230,43334,42571,43163,42309,42220,42282,42807,42385,42561,42988,43014,42962,43250,42420,43170,42558,42589,42556,42518,42593,42274,42547,42684,42552,41894,41981,42818,42031,42062,42188,42401,42458,42446,42171,42128,42017,42492,41873,42349,42344,42179,42276,42946,42901,42844,42937,42993,42926,43134,42576,43068,43228,43029,43100,43290,42972,43064,43306,43268,42928,42662,42822,42927,42834,42451,42782,42859,42762,42329,42782,42645,42599,42943,42625,42897,42183,42313,42119,42426,41676,41733,42016,42485
製造業,5997,6134,6248,6244,6511,6561,6723,6948,7101,7271,7361,7454,7846,7990,7757,8038,8231,8169,8376,8574,8720,8818,8842,8882,9011,9066,9114,9107,9267,9274,9322,9325,9340,9408,9384,9551,9320,9288,9656,9753,9937,9876,9884,10045,10130,10172,10214,10430,10563,9954,10652,10726,10857,10721,10825,10942,10838,11076,11158,11350,11358,10502,11204,11282,11391,11330,11399,11375,11360,11639,11710,11920,12015,10971,11928,11946,12105,11962,12101,12102,12106,12399,12327,12626,12372,12051,12812,12861,13018,12964,13105,13253,13296,13439,13495,13760,13809,13081,13975,14084,14253,14225,14327,14664,14752,14956,15152,15376,15518,14567,15815,15796,16137,16061,16288,16634,16559,16845,16981,17265,16978,16866,17707,17762,18028,17975,18357,18617,18616,18862,18947,19219,19459,18348,19423,19534,19879,19738,20100,20427,20490,20809,20860,21108,21306,20417,21537,21655,21832,21696,21768,22003,22025,22490,22457,22864,22357,22451,23218,23209,23446,23250,23362,23559,23622,23815,23865,24326,24465,23123,24548,24478,24785,24615,24725,24941,24974,25243,25327,25658,25573,24666,25871,25760,26221,25826,25993,26334,26131,26436,26448,26613,26914,25993,26850,26910,27114,26814,27013,27090,27123,27420,27347,27667,27852,26589,27773,27843,28138,27820,28064,28132,28198,28955,28862,28951,28629,27975,28811,28957,29073,28924,29145,29029,28978,29092,29113,29455,29620,28553,29698,29797,29952,29907,30061,30056,29660,30324,30638,30917,30649,29472,30585,30745,30940,31043,31152,31143,31090,31342,31212,31329,31120,30771,31399,31189,31385,31191,31451,31595,31155,31553,31420,31502,31637,30494,31477,31492,31695,31336,31684,31625,31469,31861,31709,31961,32011,31124,31968,31904,31993,31768,32012,32041,31866,32180,31987,32456,31938,32161,32485,32436,32510,32319,32456,32373,32426,32724,32776,33029,33145,31811,32994,32872,33004,32863,32890,33184,33045,33308,33585,33565,33612,32884,33573,33536,33696,33548,33625,33804,33592,33767,33858,33954,34202,33270,34112,33979,34256,33881,34013,34150,33910,34397,34319,34407,34638,33872,34517,34553,34630,34382,34500,34610,34467,34452,32976,32094,31666,31758,32283,32402,32474,32612,32672,32605,32788,32995,32956,33232,33300,32612,33340,33263,33439,33331,33424,33543,33439,33622,33574,33736,33909,33136,33849,33768,33951,33795,33939,34052,33981,34129,34102,34245,34126,34178,34490,34418,34611,34333,34470,34435,34419,34703,34625,34651,34753,34231,34788,34746,34939,34709,34840,34866,34866,35103,35014,35168,35280,34728,35216,35280,35393,35216,35355,35516,35490,35688,35468,35706,35769,35247,35727,35735,35819,35774,35947,35987,35952,36214,36103,36311,36355,35875,36428,36327,36481,36285,36362,36610,36379,36702,36639,36825,36915,36618,37119,37056,37285,37191,37273,37525,37409,37478,37509,37699,38080,37593,38128,37995,38246,38155,38279,38354,38391,38465,38384,38491,38934,38547,38959,38990,39157,38960,39087,39109,39037,39205,39144,39327,39449,39307,39432,39384,39430,39409,39453,39575,39675,39795,39813,39953,40456,40170,40632,40619,40712,40743,40884,40989,40987,41159,41167
電力及燃氣供應業,11360,10673,11331,12153,11118,11580,14316,14379,14367,14323,13952,14157,16148,16063,15629,15386,15324,15414,17808,18066,18033,18237,17770,17901,18311,18291,17962,18215,18228,18208,18164,17697,18091,18039,17992,18091,18272,18172,18092,18264,18271,18515,18323,18334,18361,18276,18286,18325,18375,18504,18664,18647,18424,18448,19634,19888,19638,19815,19811,19768,20176,19556,20198,20230,20180,20197,22432,22535,22525,22496,22542,22531,22840,22455,22887,22882,22872,22893,22871,22648,21940,22626,22629,22567,22983,23172,22982,23032,23098,23205,24457,24471,24730,24435,24646,24591,25030,25059,25065,25102,24673,24611,26459,26543,26628,26647,26633,28645,28627,29475,29009,29116,29891,29442,32648,32685,32551,33237,33312,33238,33642,33602,33879,33757,33728,33748,33754,33890,38176,38121,37914,37972,38771,39603,39049,38547,38514,38712,39087,39146,39185,41431,41303,41207,41972,41947,42005,41834,41856,41855,41389,41549,41169,41061,43507,43773,44481,44466,44515,44443,44406,44372,44331,44567,44611,47840,47840,47818,48308,48563,48350,48460,48459,48473,48383,48616,49963,49954,49867,49841,50591,50565,50668,50486,50443,50214,50297,50248,53285,52928,52825,53242,53274,53561,53346,53584,53456,53400,53462,53375,53358,53402,53354,54275,55557,55751,55357,55804,55593,55521,55176,55538,55686,56947,56244,55456,57496,57583,57808,57736,57792,57737,57835,57888,58039,58113,57820,57767,58531,59755,60245,60234,60223,60234,60008,59903,60142,60341,59700,59732,60682,60876,60692,60299,61340,60726,60783,60890,60765,61001,60672,60868,61377,61409,61146,61645,61179,61191,60313,60638,60597,61303,60586,60916,61616,62481,62316,62293,62104,62307,62384,62477,62438,62627,62407,62148,62819,62822,63052,62846,62847,62826,63049,63181,63140,63386,63110,62955,64098,64009,63996,63762,63962,63818,64365,63921,63829,64030,63807,63715,64698,64023,64975,64311,64228,64277,64075,64090,64040,64434,64147,65498,65572,65913,65989,65946,65878,65816,65767,65838,65514,65698,65161,65598,64683,65630,66512,66464,66085,65614,65386,65510,65354,65605,65369,65540,65165,66692,66779,66284,66026,65606,65087,64062,64564,64491,63668,64588,64836,65079,65021,65260,64496,64672,64831,64450,64532,64531,64411,64569,65126,65455,65481,65382,65129,65098,65124,65216,65155,65152,65481,65126,65759,65943,65913,65985,65637,65785,65651,65721,65902,66641,66711,66839,67257,67346,67268,67367,67225,67241,67215,67255,67193,67276,66744,66836,67173,67074,67355,67261,66863,67140,67077,67024,66962,66913,66859,66937,67616,67087,67458,67389,66765,66510,66743,66551,66528,66557,66544,66789,66452,66762,66699,65680,66121,66070,65870,65825,65734,65683,65678,65927,66410,66391,66356,66257,65320,64891,64872,64006,64354,64178,64065,64301,64749,64620,64044,64508,63320,64288,64227,64120,63907,63897,63756,63970,64273,64617,64161,64426,62779,64276,64144,65566,65505,65532,65477,65279,66193,65788,65844,64466,65264,65181,65103,65167,64746,64832,64719,64066,64816,64987,64813,64493,64410,64789,64440,64930,64785,64800,64549,64563,65075,65146,65161,65190,63700,64404,63820,63941,63831,63800,63791
用水供應及污染整治業,7540,7733,7929,8065,8198,8290,8999,9058,9262,9086,9231,9305,10007,9757,9808,10030,9870,9919,10088,10125,10698,10559,10669,10653,10567,10692,11069,11156,11389,12003,11635,11633,11651,11630,11512,11439,11516,11514,11568,11614,11849,12114,11995,11955,12176,12122,12080,12134,12072,12004,11436,11350,11213,11088,11532,11695,11801,11799,11729,11768,11918,11710,11875,11939,11870,11750,12783,12879,12806,12892,12815,12867,12907,13110,13169,13477,13421,13343,13270,13236,13216,13248,13307,13419,13218,13215,13299,13576,13345,13492,14051,14393,14130,14247,14174,14488,14526,14836,15018,14943,18466,18804,20604,20562,20531,20439,20649,20688,20425,20344,20675,20556,20723,20814,21403,21446,21726,22441,22568,22598,22997,23998,23820,23689,24040,24219,25884,25761,26091,26019,25662,25678,26512,26547,26710,26689,26497,26517,26760,26686,26658,26966,26910,25897,26711,25898,25528,25850,25687,25878,26583,26898,27289,27838,27980,28046,28413,28811,29202,29373,29650,29413,29304,29439,29480,29912,30445,31250,30984,31200,31404,31730,31995,31889,31635,31897,31959,31743,32836,33074,32709,32254,32565,32661,32591,33134,33227,33085,33826,33867,34058,34084,34138,33742,33843,34798,34319,34509,34312,34464,34153,34230,34290,34790,34910,34901,34895,35292,35404,34672,34467,34397,34526,34861,34326,34436,35376,36018,35224,36308,35744,35190,35234,35358,35030,34808,35289,35491,35304,35902,36455,36822,37182,36886,36787,36374,35763,36262,35849,35257,35615,36098,36034,36383,36874,36777,36965,36999,37633,37954,37477,37629,37535,37249,37518,37813,37904,38031,37531,37405,37624,38009,37839,37853,37888,37846,37531,37348,37716,37568,37541,38050,38241,37804,37362,37482,37708,37151,37540,37615,37395,37635,37521,37954,37965,37794,37398,37801,37801,37308,36562,36807,36807,36898,37204,37265,37368,37351,37801,38275,38451,38128,38356,38740,38592,38419,38562,38804,38880,38522,38193,39143,38219,38156,38238,38095,38160,37964,38136,37696,37266,36911,36401,36628,36530,36426,36551,36267,36319,36155,36106,35988,36086,36625,36260,36053,35821,35421,35824,36096,36318,36092,35955,36235,36071,36016,35921,36277,35806,35991,36488,36622,36505,36356,36157,36398,36372,36244,36358,36462,36558,36163,36595,36492,36125,36176,36166,36062,36229,36287,36086,36470,36492,36346,36553,36477,36331,36353,36254,36287,36115,36516,36593,36769,36560,36291,36224,36273,36381,36289,36227,36191,35788,35893,35869,36077,36001,35771,35964,35710,35961,35782,35723,35638,35694,35841,35645,35619,35669,35502,35579,35772,35704,35745,35786,35811,35846,35888,35852,35693,35592,35567,35445,35615,35674,35703,35758,35297,35120,35213,35220,35276,35357,35106,35172,34949,35384,35338,35319,35506,35243,35226,35238,35223,35347,35319,35538,35352,35375,35433,35434,35346,35557,35575,35941,36087,35677,35035,35510,35261,35628,35652,35741,36267,36139,36176,36124,36092,36231,35758,36209,36170,36383,36256,36407,36386,36350,36392,36177,36168,36313,36366,36547,36559,36787,36748,36789,36752,36854,36646,36801,36873,36745,36565,36841,36643,36677,36664,36606,36741,36607,36614,36718
營建工程業,7340,7347,7506,7766,7949,8156,8340,8481,8437,8589,8575,9133,8788,9538,10157,10217,10450,10797,10832,10917,10880,11229,11297,11568,11109,10902,11089,11318,11449,11402,11389,11277,11241,10625,11136,11457,11085,10912,11532,11837,12607,12769,12825,13045,13045,13024,13172,13496,12940,13486,13706,13825,13597,13755,13831,13937,13711,13873,13990,14135,13731,13004,13645,13693,13738,13644,14239,14200,14071,14151,14326,14347,14205,13044,14234,14237,14413,14502,14717,14579,14450,14630,14591,14922,14439,14498,15062,14976,15133,14917,15464,15548,15638,15619,15552,16121,16032,15111,16396,16418,16608,16644,17077,17260,17432,17458,17608,17971,17992,17131,18487,18411,18893,18994,19718,20061,19832,20438,20607,20709,20138,20385,20999,20948,21448,21316,22545,22664,22708,23248,23565,23521,23827,21925,23607,23716,24078,23968,24987,25563,25247,25779,25972,25870,26328,24358,26264,26149,26567,26750,27492,27995,28124,28276,28664,29036,27497,28689,28844,29102,29669,29763,30053,30209,29975,30253,30391,30898,30931,28219,30517,30536,31048,31050,31336,30946,30710,30512,31202,31437,30414,28728,31223,30743,31721,31146,31695,31914,31991,31847,32305,32594,32740,30152,32184,32299,32803,32590,32715,32947,32541,32840,33124,32817,32814,30322,33121,33171,33566,33538,33586,33651,33850,33813,33753,34530,32744,33093,33691,33652,34159,34326,34266,34626,34518,34475,34650,35091,35138,31883,34590,34620,34836,34841,34931,35108,34891,35310,35380,35784,35909,32964,35668,35160,35494,35345,35267,35359,35595,35600,35666,35632,33020,35128,35455,34762,35029,34823,34125,34148,33482,34379,34636,34653,34517,31304,33529,34134,34464,34015,34094,33893,33203,34179,34239,34572,34471,31724,33864,34417,34557,33800,33925,34179,33866,34532,33970,34199,32118,33554,34631,34793,34558,34511,34705,34417,34185,34612,34721,35254,35005,30663,35036,34774,35137,34985,34906,34989,35120,35515,35733,36373,35032,33223,35748,35278,35223,35288,35175,35828,36159,35677,36402,36677,37033,33054,36666,36207,37128,36423,36318,35771,35463,36316,36427,36732,36985,33258,37047,36510,37502,36820,36638,37002,36663,37501,36337,36627,34457,35915,37359,37295,37356,37640,37476,37018,37440,37908,37912,38138,37881,34487,37909,37621,37761,37795,37743,37629,37280,37808,37888,38134,37285,34671,37617,37432,37534,37345,37382,38087,37954,38303,38325,38302,35641,37068,38016,37578,37928,37492,37553,37263,37192,37976,37998,38284,38831,35710,38745,38233,38910,38498,38785,38138,38170,38442,38413,38301,38079,36776,38916,38627,38923,39010,39221,39416,38867,39472,38919,39379,38756,36689,38607,38228,38154,38608,38942,38702,38805,38942,39120,39530,38953,36128,38864,38455,38781,38471,38264,38515,37857,37910,38138,38480,37604,36917,38218,37760,37896,38254,37952,38324,38330,38057,38202,38496,38986,37094,38551,38220,38720,38347,38683,38947,38430,39292,39340,39220,39406,37494,39128,38873,39431,38636,39480,39066,38839,39585,39491,40081,38968,39565,40002,39543,39466,39783,40241,39844,40394,40330,40630,40993,40898,39825,41601,40985,40280,40506,40724,40809,40657,40586,40641
服務業,8284,8362,8421,8533,8635,8680,9339,9650,9807,10013,10062,10159,10500,10518,10226,10595,10661,10756,11088,11340,11447,11474,11455,11451,11638,11445,11544,11602,11649,11665,11701,11763,11844,11775,11786,11864,11938,11928,12030,12022,12115,12123,12189,12318,12464,12447,12480,12644,12710,12859,13074,13188,13333,13383,13569,13722,13823,13766,13715,13795,13567,13529,13703,13894,13917,13904,14260,14138,14234,14236,14261,14323,14722,14574,14785,14670,14739,14771,14856,14850,14808,15017,14981,15185,15257,15317,15114,15288,15378,15372,15782,16097,16116,16199,16266,16290,16406,16391,16490,16530,16563,16586,17038,17180,17301,17394,17515,17598,17671,17751,17896,17963,18117,18216,19357,19381,19565,19879,19849,20099,20306,20275,20536,20562,20684,20678,21726,21954,22170,22432,22398,22505,22899,22828,22994,23127,23277,23455,23806,23992,24096,24225,24172,24266,24700,24563,24877,24970,25092,25125,25330,25366,25526,25580,25479,25767,25908,25994,26185,26358,26507,26562,26843,27012,27019,27188,27307,27502,27687,27587,27720,27971,28094,28164,28314,28383,28473,28644,28617,28812,29104,28931,29003,29203,29354,29415,29673,29805,29977,30052,30065,30282,30472,30471,30557,30877,31110,31156,31286,31520,31629,31772,31831,32024,32351,32197,32549,32830,32769,32656,32947,32533,32449,32518,32571,32923,33014,33516,33808,33751,33832,33731,33846,33825,33986,33987,33915,34059,34330,34191,34437,34930,35052,35164,35123,35246,34731,35175,35434,35980,36252,35459,35862,35883,35914,35997,35924,35918,35796,36017,35956,36178,36354,36336,36478,36154,36067,36474,37202,37601,36799,36898,37224,37414,37557,36832,37156,37536,37168,37196,37087,37384,36951,36809,36687,37300,37215,36589,36549,36716,36262,36845,37564,36961,37073,36890,36816,37187,37203,37027,36946,36973,36882,36814,36863,36946,37009,36885,36963,37183,37237,36692,37109,37105,37143,37028,36884,36934,36864,36765,36717,37089,37291,36787,36835,36973,36991,36958,36933,37028,37264,37030,37063,37389,37375,37269,37346,37434,37386,37759,37700,38504,38119,37895,37929,38010,38123,37999,37734,38046,37837,37787,37732,37615,37862,37636,37119,37245,36910,36991,37172,37225,37131,37269,37200,37253,37355,37351,37338,37898,37752,37397,37451,37780,37708,37803,37615,37735,37849,37963,37906,38279,38266,37953,38047,38261,38231,38177,38277,38444,38608,38594,38420,38754,38769,38611,38850,39022,38879,38966,38922,38610,38674,38559,38544,38804,38978,38878,38855,39029,38970,39100,39093,39216,39099,39005,39040,39345,39501,39291,39459,39645,39619,39885,40353,39803,40043,40018,39872,40448,40162,40017,40152,40318,40340,40657,40567,40402,40362,40512,40367,40692,40744,40474,40815,40973,40883,40846,40909,40910,40813,41009,41200,41503,41445,41177,41443,41610,41561,41547,41541,41656,41827,41968,41966,42397,42496,42441,42523,42567,42659,42617,42719,43126,43014,43037,43103,43289,43291,42937,43238,43410,43478,43461,43628,43900,43583,43747,43836,44333,44139,44106,43982,43766,43855,44055,44238,44436,44516,44480,44449,44688,44823,44601,44817,44845,44280,43858,44264,44712,45015,45273,45348
批發及零售業,7089,7139,7260,7360,7513,7606,7893,8797,9053,9374,9426,9486,9574,9941,9248,9849,9886,9982,10191,10511,10682,10732,10728,10641,10689,10428,10524,10545,10662,10583,10665,10730,10783,10717,10699,10850,10963,10998,11095,11099,11248,11190,11299,11282,11473,11491,11514,11747,11819,12183,12628,12608,12835,12901,12979,13101,13279,13132,13008,13076,12851,12824,13035,13293,13376,13231,13379,13157,13254,13256,13281,13371,14072,14001,14230,13858,13955,14009,14230,14199,14070,14500,14498,14855,14949,15058,14565,14827,15005,15009,15178,15612,15465,15625,15747,15602,15838,15689,15710,15832,15893,15893,16139,16155,16264,16368,16551,16642,16659,16737,16946,16996,17148,17321,18658,18648,18715,19000,19052,19292,19593,19431,19831,19806,19925,19687,20831,21163,21421,21566,21569,21695,22178,22009,22058,22153,22226,22486,22797,22853,22994,22917,22900,23008,23500,23284,23662,23641,23761,23699,23765,23591,23709,23513,23354,23747,23995,23930,24115,24282,24641,24680,24888,25030,25049,25227,25341,25460,25752,25642,25737,25938,26196,26167,26342,26410,26711,26807,26878,27063,27390,27295,27227,27505,27646,27762,28055,28155,28260,28267,28153,28326,28549,28550,28583,28784,28994,29023,29244,29526,29705,29854,29713,29884,30302,29871,30317,30626,30533,30530,30700,30194,30341,30162,30027,30437,31039,30879,31344,31602,31796,31307,31530,31379,31442,31321,31209,31248,31725,31888,32080,32434,32552,32487,32713,32864,31924,32697,33044,33361,33383,32731,32776,33068,33323,33454,33410,33571,33433,33602,33463,33467,33554,33840,33860,33414,33544,33386,33265,33347,33520,33850,34009,33945,34163,33889,33947,34322,34335,34055,34061,33931,33648,33555,33752,33892,34070,33922,33877,34064,33693,33811,34053,34149,34103,34049,34078,34467,34233,34206,34312,34222,34336,34205,34292,34294,34217,33968,34207,34385,34384,33679,34155,34112,34283,34100,33897,33844,33837,33738,33865,33925,33890,33500,33765,33816,33999,33785,33767,33796,33913,33858,33908,34112,34150,34090,34314,34207,34228,34208,34001,34131,34383,34536,34809,34978,34997,34757,34711,34928,34904,34848,34770,34836,34750,34838,34312,34166,34200,34387,34370,34438,34394,34391,34487,34506,34714,34795,34931,35273,35145,34952,34830,35066,35234,35212,35173,35185,35187,35514,35408,35421,35871,35484,35574,35598,35694,35602,35659,35704,35891,36074,35955,35974,36086,35957,36068,36094,36146,36001,36015,35780,35716,35805,35806,35731,35895,35802,35922,35963,35963,35969,36077,35938,35958,36162,36083,36101,36276,36007,36184,36280,36493,36577,36819,36704,36783,37009,36955,37367,37241,37014,37197,37047,37145,37360,37448,37272,37365,37705,37573,37810,37784,37696,37972,37890,37760,38057,38136,38198,38108,38442,38660,38742,38848,38695,38846,38911,39020,39070,39144,39315,39486,39722,39773,39882,39886,40042,40212,39999,40209,40033,40146,40485,40659,40780,40913,40969,41102,40908,41064,40976,41240,41017,41394,41402,41277,41640,41811,41831,41899,41779,41392,41081,41243,41301,41627,41881,41731,41936,42116,42141,42294,42147,42397,42322,41647,40643,41295,41510,42067,42377,42462
運輸及倉儲業,9141,9117,9106,9182,9250,9309,10764,10171,10259,10444,10503,10583,11356,11009,11098,11179,11301,11385,11998,12111,12093,12056,12013,12187,12564,12547,12674,12685,12682,12759,12870,12941,13020,12954,12954,12975,13047,12760,12950,12988,12991,12947,13033,13238,13301,13286,13346,13444,13613,12984,12996,13319,13357,13261,13616,13690,13700,13667,13778,13855,13968,13885,14066,14249,14086,14212,14940,14887,14909,14927,14880,14916,15168,14957,15190,15333,15332,15349,15271,15241,15275,15366,15389,15439,15548,15516,15588,15611,15709,15662,16242,16279,16346,16470,16565,16612,16784,16574,16725,16734,16704,16715,17525,17729,17774,17898,17947,17927,18141,18052,18305,18208,18461,18533,19773,19812,19863,20046,20203,20259,20512,20384,20494,20498,20664,20611,22129,22150,22442,22641,22579,22809,23244,23204,23259,23443,23740,23625,24290,24612,24849,25152,25154,25264,25630,25273,25683,25736,25918,25903,26245,26597,26684,26801,26861,26987,26937,27121,27223,27201,27281,27173,27929,28302,28347,28572,28602,28900,28946,28749,28838,28978,29054,29033,29351,29327,29639,29796,29881,29920,30068,29541,29754,29666,29820,29868,30306,30710,30950,31431,31734,31741,32148,31909,32328,32582,32675,32977,33036,33632,33572,33847,33813,33849,33893,33258,33856,34006,34571,34140,34357,34830,34960,35513,35607,35695,35536,35316,35118,35315,35392,35463,35662,35812,35919,35978,36098,36307,36521,36285,36463,36636,36562,36628,36721,36626,36475,36926,37260,36970,37039,36614,37428,37265,37534,37651,37604,37547,37703,37748,37596,37821,37526,37611,38054,38134,38230,37964,37936,38302,37979,38545,38441,38434,38336,37582,38067,38278,38535,38347,38502,38526,38214,38400,37894,37987,38309,37576,38040,38141,37022,37522,38086,38000,37989,38325,38184,38603,38228,37698,38137,38027,38119,38029,38577,38365,38311,38652,38582,38876,38720,37781,38915,38669,38998,38865,38907,39024,39280,39293,39070,39495,39323,38812,39320,39210,39378,39315,39142,39172,39151,39187,39142,39098,39146,38727,39016,39109,39231,39217,39302,39578,39563,39743,39809,40035,40557,40028,40258,40102,40362,40104,40134,39929,39830,39938,39404,39527,38990,39202,39687,39710,39685,39414,39626,39421,39732,39597,39465,39969,39568,38909,39607,39559,39600,39488,39547,39424,39406,39553,39716,40323,40058,39893,40178,40072,40310,40044,40384,40526,40557,40483,40564,40921,40191,40209,40758,40562,40755,40440,40629,40574,40411,40535,40558,40733,40736,40470,40722,40835,40832,40770,40749,40691,40621,40903,40877,40878,40742,40353,40781,40769,40645,40558,40709,40666,40654,40797,40704,40875,40979,40870,41130,41270,41352,41193,41398,41279,41249,41241,41169,41425,41359,41201,41467,41614,41768,41603,41867,42066,41850,41969,41884,42085,42364,41946,42225,42219,42413,42293,42454,42562,42501,42686,42932,42840,43503,42928,43522,43606,43768,43614,43851,44050,43736,43823,43928,44079,44318,43925,44605,44581,44780,44659,44819,44860,44923,45126,45074,44936,44936,44515,44505,44171,43980,44061,44353,44662,44627,44670,44668,44747,44983,44783,45215,45305,45331,44835,44980,45255,45647,45875,45994
住宿及餐飲業,6391,6438,6583,6468,6462,6670,6856,6701,6933,6998,7103,7090,7038,7095,7469,7571,7591,7616,8123,8219,8307,8287,8236,8186,8243,8108,8272,8251,8181,8113,8128,8212,8324,8258,8384,8338,8398,8423,8424,8383,8481,8548,8737,8613,8773,8518,8740,8757,8866,9222,9563,9982,9842,9801,9950,9955,10115,10166,10115,10212,9660,9462,9381,9628,9580,9766,9690,9772,9748,9767,9875,9914,10001,9513,10056,10330,10138,9986,10291,10165,10213,10100,9955,9904,10255,10111,10060,10170,10167,10090,10015,10292,10234,10364,10292,10664,10589,11096,11264,11044,10994,10983,11085,11277,11175,11147,11291,11484,11503,11679,11640,11900,11869,11603,12489,12457,12515,12581,12396,12672,12709,12951,13080,13020,13159,13126,13949,13941,14057,14362,14412,14335,14319,14191,14505,14641,14577,14757,15331,15495,15573,15615,15638,15857,15895,15838,15735,16071,15884,15853,16201,16243,16186,16416,16440,16485,16665,16569,16772,16868,16850,16870,17217,17246,17366,17487,17466,17492,17496,17556,17780,17784,17888,17772,18232,18116,18165,18299,18447,18643,18807,18786,18750,18775,18892,18646,19077,19004,18761,18858,18826,18909,18809,18842,18921,19060,19050,19217,19841,19877,19827,20047,20132,20251,20310,20272,20416,20414,20426,20225,20534,20792,20510,20542,20877,20660,20786,20255,20945,20939,20925,20736,20864,20818,20787,21016,21064,21323,20980,21394,21393,21509,21501,21526,21775,21906,21654,21649,21840,21912,22382,22444,22496,22377,22377,22299,22683,22679,22254,22475,22365,22533,22316,22312,22816,22682,22617,22700,23413,23367,23441,23348,23427,23416,22791,23296,23436,23588,23496,23360,23157,23220,23033,23063,23211,23219,22800,23188,23315,22609,21610,21828,23155,23465,23591,23416,23204,23166,23018,23152,23115,23168,22774,22415,22944,22949,22932,23003,23088,23212,23418,23511,23439,23263,23401,23264,23311,23412,23030,23014,22995,23209,23387,23192,23210,23012,23019,23090,23337,23463,23402,23251,23073,23068,23096,23211,23247,23233,23386,23326,23736,23709,23736,23675,24146,24312,24333,24696,24263,24242,24226,24117,24427,24526,24427,24620,24111,24074,24535,24439,24309,24160,24269,24327,24590,24737,24645,24559,24575,25070,24727,24957,24734,24660,24797,24596,24880,25277,25014,25133,24965,25444,25426,25581,25461,25543,25541,25426,25626,26001,25951,25780,25624,25956,26244,26345,26411,26820,26751,26550,26645,26466,26359,26734,26798,27013,27070,27100,27221,27474,27400,27341,27272,27677,27462,27621,27583,27843,28257,28419,28562,28476,28682,28404,28351,28471,28429,28408,28667,28896,28785,28832,28742,28834,28877,28557,28826,29137,28867,29068,28863,28991,28872,29032,28828,29003,29109,28707,28789,28950,28979,29409,29575,29684,29480,29457,29787,29730,29828,29572,29470,29748,30050,30281,30219,30438,30711,30509,30736,30761,30962,30753,30621,30718,30578,30846,30943,30951,30973,31175,31410,31257,31274,31429,31537,31566,31562,31772,31813,32054,32015,32076,31590,31088,31625,31863,31906,32248,31984,32049,32194,32231,32320,32595,33037,32600,30895,29145,30229,31943,32514,33187,33197
出版,11674,12075,11749,11869,11919,11787,13400,13363,13365,13374,13217,13401,13426,14200,14334,14448,14380,14557,15155,15362,15285,15276,15188,15197,15073,14855,14861,15052,14926,15054,14788,15071,15081,15049,15028,15140,15031,15227,15231,15262,15207,15444,15075,15338,15362,15357,15357,15398,15492,15433,15526,15512,15652,15849,16059,16426,16426,16565,16664,16706,16399,16438,16479,16453,16560,16630,17932,17870,17885,17965,18051,18052,18304,18670,18746,18857,18902,19095,18583,18776,18807,18934,19086,19125,19056,19179,19287,19293,19314,19300,21047,20835,20838,20807,21026,21062,21046,21152,21177,21120,21025,21233,22200,22617,22664,22971,22976,23155,23070,23181,23527,23690,23443,23495,25068,25336,25904,25953,26038,26066,26197,26324,26519,26500,26572,26926,29544,29408,29474,29465,29355,29640,29626,29756,29892,29976,30056,30093,30381,31294,31099,31217,31182,31234,31616,32000,32051,32093,32253,32283,33500,33670,33766,34208,34093,34412,34736,34957,35110,35191,35156,35154,36602,36570,36640,36784,36743,36911,37351,37605,37726,37621,37468,37506,38060,38293,38314,38420,38409,38473,38826,39079,39093,39123,39179,39236,39561,40213,41082,41054,41268,41344,41397,41482,41231,41938,41930,42092,42260,42197,42361,42887,42755,42858,43419,43581,43675,43694,43690,42930,42831,42665,42941,42894,43083,43867,43927,44502,44275,44694,45065,44751,44548,45168,45297,45276,45575,45320,44735,44955,45313,45627,45371,45264,45715,46271,46396,46812,46825,46919,46591,46559,46957,47316,47934,48015,48155,48439,48698,48200,48130,48264,48564,48360,48957,48899,49058,48960,48124,48632,48778,48598,48589,48664,48821,48767,49202,48883,48945,48779,48618,48575,48592,48215,48139,48307,48216,48140,48369,48357,47991,47808,48189,47690,48403,48493,48442,48024,48556,48487,48517,48451,48340,48248,48219,47656,47714,47945,48181,48152,47940,47868,48364,48335,48383,48581,48471,48856,48468,48588,48673,49049,48584,48664,48420,48810,48921,48820,48709,48877,48873,48884,48566,48758,48961,49123,49180,49108,49050,48970,49045,49418,49161,49200,49166,49173,49386,49759,49269,49413,49338,49606,49518,49438,49512,49377,49049,49334,49355,49401,49151,49187,49273,49213,49375,49063,49056,49053,49054,49379,49180,49389,49612,49640,49899,49771,49837,49787,49769,49886,49967,50004,49979,50293,50190,50670,50621,50419,51235,51019,51110,51467,51411,51619,51733,51686,51774,52031,51916,51869,52023,52058,52092,52197,52335,52454,52489,52855,52572,53217,53179,53136,52927,52736,52817,52734,52560,52509,52633,52585,52544,52794,52556,52671,52892,52756,52824,53137,53202,53466,53176,53029,53272,53417,53594,53762,53871,53741,53692,53654,53553,53579,53819,53881,54053,54363,54373,54462,54595,54612,54584,54788,54800,55123,55373,55415,55471,55904,56026,56217,55954,55967,56067,56039,56177,56200,56701,56863,56993,57011,57249,57348,57308,57470,57702,57790,58003,58124,58354,58338,58537,58540,58786,58688,58692,59141,59100,59325,59565,59772,60046,60426,60586,60741,60821,60700,60704,60988,61173,61209,61120,61148,61439,61960,61799,62224,62403,62506,62093,62036,62070,62138,62290
金融及保險業,10651,10792,10925,11172,11116,11127,12442,12518,12633,12859,13269,13678,15757,13948,14132,13993,14214,14251,15320,15932,15994,15924,15911,15980,16930,16272,16460,16620,16447,16753,16459,16416,16743,16508,16384,16458,16493,16719,16784,16689,16656,16814,16887,16879,16869,16715,16717,16792,17054,17083,17064,17075,17041,17101,17525,17897,17888,17784,17694,17837,17978,17998,18148,18101,18038,18216,19005,18991,19176,19047,19044,19166,19246,19204,19325,19452,19496,19580,19357,19310,19403,19261,19208,19292,19439,19344,19412,19640,19655,19714,20500,20617,20781,20672,20696,21032,20635,21101,21436,21243,21424,21523,22343,22498,22665,22601,22606,22737,22833,23108,22890,22898,23163,23476,24446,23877,24027,24753,24054,24334,24239,24375,24591,24700,24712,25492,25970,25611,25422,26341,26176,26243,26991,27241,27796,28138,28573,29095,29030,29352,28978,29501,29414,29291,30202,29705,30126,30568,31123,31717,31554,31516,31835,32630,32144,32794,33024,33336,33628,34245,33660,33905,34040,34055,34036,34433,34970,35571,35905,35517,35470,36380,36334,37067,36805,35994,35284,36078,35401,36187,36588,35319,36027,36381,36696,36919,36728,36453,36727,36560,36647,37107,37305,37372,37253,38223,38487,38246,37820,37848,37759,37591,38345,38823,39507,40444,40967,41853,41204,41193,42560,40293,38961,39520,39571,40484,39750,43539,43659,42161,41720,42798,42652,41859,41850,42118,41868,42097,42559,40904,41790,43527,43643,44624,43154,43071,42258,42765,43125,46175,47706,44358,46318,44990,43652,43683,42741,41653,41867,42060,42605,43434,45187,43085,42852,41848,40537,44724,51457,54013,46866,45960,48319,49900,50763,47402,49011,50647,47504,49426,48940,51906,49918,49045,47854,52136,50645,46747,45700,46587,46203,49896,53438,48585,49625,48170,47951,49362,50602,50577,48470,48816,47971,48715,48000,48712,49463,49073,48919,49176,49949,49642,49275,49698,48939,49182,49521,49675,49140,49009,48727,50716,53210,51578,50211,51246,50391,51269,51759,52435,53854,51549,52495,54246,53770,53818,52732,54630,53690,57454,57816,63970,58954,54991,54504,53449,54128,54251,51684,54033,51753,52090,52455,50691,53852,50985,50066,50772,51025,51280,52644,52969,51851,53295,52166,52651,52588,52508,52356,55284,54791,53245,53021,55720,54219,55825,53607,53796,55183,54784,54376,56720,54773,54339,54005,55650,54494,54905,54953,54751,56012,55303,54183,56699,56364,54972,55826,56834,55227,57380,56482,54367,55373,53539,53278,55257,56556,56342,54772,55986,54634,56538,56647,58219,57721,55381,55644,57625,58359,58299,58301,60285,58555,61356,65117,58809,60851,59746,57652,60668,58642,58728,58827,60337,59284,61956,60220,59631,59213,58824,58310,60027,60528,59488,61354,62823,61612,60662,60603,59866,58859,58200,58695,61141,60557,59202,60161,61358,59561,59519,59480,59468,60427,59994,60030,63217,62461,62927,61371,62631,60975,61273,61288,63625,61373,60261,60095,61450,62662,61052,62448,65231,62827,63452,62963,66137,62186,61444,61432,65718,63315,63487,63814,63436,62718,63770,64084,64365,65438,63584,62474,64210,64551,63508,63882,63853,63820,65453,65956,67551,65974,65421,65756
不動產業,16656,16848,16768,16860,16889,16900,16884,16833,16927,17096,17165,17214,17386,17395,17410,17515,17594,17477,17574,17605,17619,17668,17655,18562,19713,19314,18725,18923,19025,18947,18901,18876,18791,18802,18783,18717,18772,18817,19101,18936,19105,19233,19531,19556,20105,20271,20024,20608,19492,19748,20274,20273,20449,20158,20309,20399,20611,20518,20795,20766,20274,20114,20137,20072,20182,20194,20394,20649,20410,20665,20642,20666,20474,19508,19810,19519,18767,19004,18974,18988,18703,19033,20227,20135,20065,19959,20081,20133,20168,20385,21237,20840,21981,22443,21620,21722,22210,22104,22208,23068,23583,22913,23119,23121,23522,24322,24355,24174,24474,24394,24564,24821,24918,24797,25963,26385,26316,26496,26549,26928,26634,26690,26886,26930,27171,27084,26605,28315,29390,29105,29232,29689,29990,30312,30421,30300,30311,30524,29706,30144,30590,31891,31569,31852,32482,32767,33326,33425,32945,33477,33136,33381,34504,34148,34094,34735,34287,34900,35010,34442,34664,34554,34154,34259,34303,34013,33775,33834,33615,33909,34255,34295,34433,34383,33919,34014,33572,33969,33992,34153,33663,34002,34001,34348,34484,33858,33665,33878,33535,33850,33869,34504,34817,34899,34878,35096,35584,35362,35649,35204,35160,34641,34534,34385,34030,33646,34332,34467,34150,33456,34202,33560,33596,33599,33991,33978,33650,34117,34771,34221,34679,34300,34622,35651,36316,35774,35162,35728,35336,37110,35189,36911,37106,36932,37735,37861,36286,35723,35544,35290,36343,36119,36512,36513,36385,36077,36728,36591,36323,36626,36131,36154,37015,37203,37290,37323,37235,36518,35335,35732,36107,35579,35393,35210,35518,35367,35208,35618,35167,35244,34963,35043,34933,35266,35231,35393,35281,35466,35395,35816,36076,35572,35137,34551,34572,34617,34160,34180,34675,34227,35452,35290,35594,34952,34924,34969,34637,35167,34739,35087,34671,33492,35649,36020,35634,34668,34158,33981,34856,34550,33319,33810,33252,32803,33357,33779,34170,33885,33415,32813,33029,33760,32547,33131,32858,32411,33597,32833,33144,32568,32194,32696,33015,34570,33318,34948,34546,34156,34765,35870,35521,35969,35673,34938,34725,34512,34162,33351,33405,32594,34473,35194,35757,36436,36405,35442,35599,35637,36290,37406,37951,35795,35606,36354,35532,35819,35890,35722,35611,36370,37449,38223,37741,36080,36056,35614,36128,35685,35846,35590,36141,35909,35872,35684,36232,36228,36092,36864,37803,37420,37272,36058,35907,36259,35757,35582,35898,35549,36142,36827,37272,36825,37272,36620,36040,35775,35724,36501,36974,36749,36723,37143,36746,36547,36556,37121,37266,37005,37829,38334,38310,38107,37858,37856,37920,37307,36742,36036,35747,36213,36252,35661,36032,35796,35696,36203,37165,36399,36505,35803,36417,36361,37137,37359,37112,36529,36966,37841,38536,39277,38806,38472,38132,38635,38387,39130,40171,39163,40146,40432,41061,40661,40490,39813,40179,41101,41001,40292,40973,40247,40453,39940,41179,42148,42522,41778,42238,42700,42726,43356,41278,41352,42789,42881,42797,43363,43390,42529,42500,43396,42860,43706,43638,42331,42783,43804,42788,42368,42619,43432,43514,43788,43670
專業科學及技術服務業,9381,9260,9384,9544,9722,9515,10062,10298,10354,10359,10402,10476,10546,10727,10624,11040,11085,11262,11339,11456,11831,12089,12000,12069,12207,12595,12570,12868,12960,12963,13156,13234,13364,13286,13480,13368,13411,13435,13598,13615,13759,13808,13945,14560,14860,14663,14864,14981,14901,15105,15492,15554,16017,16116,15926,16027,16025,16244,16177,16238,15934,16099,16231,16324,16383,16381,16757,16765,16727,16792,16917,17042,16394,16245,16474,16408,16712,16837,16847,16842,16810,16986,16834,16844,16840,17041,17053,17368,17288,17403,17698,18331,18646,18696,18700,18860,19152,19016,19247,19297,19219,19127,19616,19930,20195,20302,20451,20534,20960,21057,21316,21523,21940,22024,22524,22738,23127,23653,23622,23761,24037,23960,24112,24250,24405,24476,24782,25936,26335,26978,26862,26819,27102,27054,27273,27520,27767,27584,27481,27401,27988,28691,28356,28588,29005,29001,29333,29454,29423,29503,29451,29559,29923,29996,30075,30145,30549,30544,31186,31362,31747,31927,31724,32273,32190,32015,32600,32708,32267,32071,32702,32790,32709,32573,32575,33575,33443,33775,33290,32607,33850,33990,33635,34437,34657,34604,34145,34481,34607,34747,34654,34841,34937,34905,35193,35294,35761,35430,35418,35632,35842,36115,36192,36788,36700,36813,36858,36833,36643,37028,36584,37142,36628,36572,37230,37361,36826,37541,37284,36961,36827,36467,36292,36704,37443,37222,37381,37114,36932,37765,38455,38620,39490,39466,39263,39440,39997,39471,39508,39708,40305,39852,40102,40453,40754,40652,40731,40840,40385,41061,41031,41080,41015,41588,41348,41431,41251,41447,41099,40741,41329,41139,41364,41801,41213,39816,40664,40850,41012,40640,40026,40510,40562,41151,40974,40851,40778,40847,41142,40937,40889,41430,41818,41059,40622,40915,40673,40497,40687,40347,41175,41196,41176,41039,41469,41860,41769,42099,42309,42243,42440,42028,42542,42288,42262,42132,42020,42085,41921,41900,41982,42005,42471,42345,42578,42783,42860,42776,42636,42649,42659,42459,42470,42336,42881,42844,42585,42638,42568,42435,42467,42716,43054,43539,43611,43879,43982,44111,44311,44202,44158,44107,44055,44634,44547,44598,44075,43823,44061,43839,43743,43802,43889,43579,43611,43674,43608,43947,44132,43874,43950,43947,43982,44098,44011,43919,44064,44115,44182,44290,43879,44027,44244,44120,44358,44509,44515,44446,44534,44851,44918,45176,45185,45175,45382,45561,45546,45820,45762,45734,45888,45714,45425,45773,45872,46167,46247,45940,46466,46319,46422,46253,46104,46230,46095,46300,46213,46179,46454,46059,46204,46394,46353,46392,46456,46572,46733,46869,46908,47055,47369,47177,47457,47397,47663,47764,47852,47828,47716,47819,47747,48016,48163,47847,47991,48089,48264,48137,48118,48192,48177,48328,48469,48401,48502,48373,48364,48323,48558,48532,48643,48830,48897,48752,48820,48939,49229,49386,49413,49387,49569,49545,49610,49988,49966,50209,50140,50188,51893,51766,52098,51918,52165,52078,52091,52008,52023,52414,52382,52732,52911,52999,53175,53116,53136,53261,53280,53482,53558,53664,53725,53985,54162,53955,54283,54568,54424,54433,54237,54390,54197,54562,54560
支援服務業,9000,9038,9146,9307,9371,9423,9696,9932,10037,10023,9997,9984,10250,10032,10442,10307,10466,10513,10550,10615,10819,10961,10939,10987,11093,11346,11889,12005,12082,12186,12213,12175,12159,12225,12359,12350,12450,11469,11714,11519,11765,11938,12198,12310,11450,11682,12010,12172,12281,12363,12039,12532,12654,12784,13206,13381,13584,13584,13720,13778,13297,13185,13289,13462,13353,13249,13471,13307,13103,13115,13072,13045,13711,13790,14005,14040,14060,14102,14029,14226,14075,14143,14159,14221,14155,14233,14042,14083,14215,14174,14089,14642,14799,14708,15019,15318,15381,15465,15581,15747,15649,15632,15692,15993,15587,15760,15803,15565,15770,15978,15996,16070,16393,16437,16508,16542,17331,18038,18092,18414,18681,18977,18880,18998,19223,19148,19039,19300,19821,19866,19920,19857,20489,20418,20660,20748,20961,21080,21228,21462,21510,21659,21685,21617,21840,21418,21500,21618,21640,21687,22148,22491,22413,22593,22779,22744,23059,22819,23199,23322,23288,23392,23471,23704,23924,24159,24147,24288,24167,24359,24246,24505,24665,24710,25070,25982,25810,25347,25672,26273,26964,27836,27759,26858,27288,27660,27665,27899,28182,28273,28029,28450,28416,28786,28710,28872,28893,29360,29241,29524,29550,29607,29448,29585,29806,29606,29621,29831,29841,29743,29565,29931,30513,30565,30992,30658,30337,30833,30011,30130,30329,30322,30263,30358,30272,30306,30434,30502,30808,30646,30945,31154,31133,31087,30867,30695,30659,30785,30840,30588,30838,30892,31339,31238,31567,31744,31544,31562,31142,31624,31234,31544,31149,31031,31532,31577,31680,31436,31624,31733,31585,31587,31568,31365,31791,31442,31566,31193,31311,31126,30688,30953,30900,30260,29974,30153,30379,29908,29927,30081,29765,30159,29814,29756,29877,29712,29265,29753,30296,29462,29920,30041,30303,29966,29600,29476,28908,29252,28855,29606,29528,29098,29237,29568,30074,29990,29203,29462,29474,29390,29478,29684,29558,29130,29483,29318,29623,29907,29530,29593,29618,29643,29721,29764,30266,29118,30110,29770,30026,30102,29802,30047,29935,30110,30023,30381,30253,29909,30079,30042,30143,30015,29656,29851,29707,29608,28997,29435,29028,28858,28949,28882,28715,28512,28242,28366,28388,28655,28460,28424,28622,28353,28807,28731,28719,28706,28743,28583,28469,28682,28987,29148,29150,28708,29225,29169,29254,29277,29365,29547,29460,29488,29607,29532,29614,29964,30226,30112,30088,30084,30099,29901,30108,30161,30133,30176,30344,30357,30373,30488,30454,30576,30419,30507,30455,30323,30349,30602,30544,30395,30675,30819,31022,31164,31352,31465,31558,31477,31364,31526,31518,31405,31350,31600,31716,31768,31890,31961,32021,32165,31915,32109,32182,31861,31973,31954,31947,32005,31941,32066,32188,32381,32399,32453,32543,32576,32620,32639,32763,32731,32682,32842,32605,32697,32878,33081,33433,33160,33280,33080,33424,33434,33606,33755,33742,33705,33721,33955,34199,33955,34236,33975,34259,34144,34218,34017,34081,34081,33890,34147,34287,34256,34104,34052,34103,34201,34260,34255,34503,34519,34567,34841,34854,34739,34349,34469,34623,34977,35064,34249,34214,34246,34458
教育業,0,0,0,0,0,0,0,0,0,0,0,0,0,0,0,0,0,0,0,0,0,0,0,0,0,0,0,0,0,0,0,0,0,0,0,0,0,0,0,0,0,0,0,0,0,0,0,0,0,0,0,0,0,0,0,0,0,0,0,0,0,0,0,0,0,0,0,0,0,0,0,0,0,0,0,0,0,0,0,0,0,0,0,0,0,0,0,0,0,0,0,0,0,0,0,0,0,0,0,0,0,0,0,0,0,0,0,0,0,0,0,0,0,0,0,0,0,0,0,0,0,0,0,0,0,0,0,0,0,0,0,0,0,0,0,0,0,0,0,0,0,0,0,0,0,0,0,0,0,0,0,0,0,0,0,0,0,0,0,0,0,0,0,0,0,0,0,0,0,0,0,0,0,0,0,0,0,0,0,0,0,0,0,0,0,0,0,0,0,0,0,0,0,0,0,0,0,0,0,0,0,0,0,0,0,0,0,0,0,0,0,0,0,0,0,0,0,0,0,0,0,0,0,0,0,0,0,0,0,0,0,0,0,0,0,0,0,0,0,0,0,0,0,0,0,0,0,0,0,0,0,0,0,0,0,0,0,0,0,0,0,0,0,0,0,0,0,0,0,0,0,0,0,0,0,0,0,0,0,0,0,0,0,0,0,0,0,0,0,0,0,0,0,0,0,0,0,0,0,0,0,0,0,0,0,0,0,0,0,0,0,0,0,0,0,0,0,0,0,0,0,0,0,0,0,0,0,0,0,0,0,0,0,0,0,0,0,0,0,0,0,0,0,0,0,0,0,0,20699,21223,21555,21557,21377,21396,21510,21247,21430,21138,21346,21496,21431,20790,21773,21535,21538,21375,21389,21009,20758,21141,21328,21467,21194,20737,21367,21114,21223,21064,21129,21274,21385,21298,21430,21445,20860,21478,21507,21671,21466,21445,21535,21831,21831,21751,21615,21507,21384,20536,21434,21773,22198,21834,21979,22050,21670,21995,22437,22457,22275,21974,22685,22532,22647,22576,23092,23371,23107,23193,22911,23261,22724,22397,23146,22838,22988,22880,23026,22893,22915,22950,23085,23315,23063,22453,23312,23294,23417,23129,23211,23655,23475,23668,23673,23742,23119,22823,23719,23771,23637,23824,23998,24048,24196,24011,24179,24137,24455,23610,24319,24252,24540,24448,24659,25082,25162,24991,24837,24747,27329,26776,27353,27379,27604,27690,27810,27813,27861,27947,27929,27938,27648,27462,27873,27607,27726,27695,27821,27909,28262,28104,28154,28298,28324,27859,28309,28181,27503,26812,27043,27995,28609,28568,28498
醫療保健及社會工作服務業,11380,12265,11769,11787,11858,11646,12575,12745,12759,12650,12717,12719,13043,13506,14182,14114,14280,14313,14390,14395,14069,14033,13975,13729,14026,12969,12969,13019,13012,12995,12931,13097,13096,13048,13163,13247,12778,12830,12928,12778,12742,12802,13125,13359,13621,13577,13478,13394,13607,14381,14310,14439,14567,14874,15635,16221,16279,16208,16104,16009,15083,15289,15452,15807,15791,15841,16289,16302,16784,16757,16779,16709,17538,16687,16756,16702,17091,16968,17116,17425,17400,17329,16826,17199,16965,17242,17066,17164,17149,17083,18402,18937,19148,19048,18994,19104,19099,19131,19096,19195,19159,19264,20354,20631,20861,20472,20467,20463,20547,20620,20520,20649,20665,20774,22162,22598,22856,23101,22677,23671,23958,23839,24045,23987,24003,24094,25793,26198,26170,26049,25944,25812,26020,25569,25742,25922,25959,25991,27461,27633,27740,27702,27705,27814,28002,28228,28286,28274,28411,28278,29464,29896,29781,29997,30095,30074,30061,30690,30257,30445,30537,30867,31265,31398,31174,31202,31170,31454,31727,32143,31830,32018,31996,32344,32767,33224,32946,33204,33315,33453,33412,33614,33838,34150,34050,34036,35034,35429,35890,35798,36164,36558,36660,36593,36322,36439,37152,37463,37794,37969,38120,38206,38671,38473,39094,39399,39031,39152,39658,39766,40042,39492,39302,39570,39608,39833,39377,40004,40128,39930,40011,40496,40729,41283,41809,41873,41727,42503,43155,41678,41865,41901,42323,42534,42567,43025,43426,43169,43272,43883,43415,43485,43227,43750,43706,43817,44433,44727,44047,44421,44217,44893,44341,45679,45864,45783,45851,45554,45707,45241,44904,45392,44979,45210,45276,45265,44999,45102,45039,45215,45409,45311,45088,45325,44992,45064,45137,45254,45548,45615,45196,44790,45536,45586,45444,45329,45604,45777,45316,45071,45002,45697,45401,45364,45740,46352,46598,45845,46014,46516,46476,46000,46723,46638,46695,46636,46733,46673,46806,46298,45799,46390,46416,45607,45942,46186,46144,46021,46238,46380,46726,47028,46504,46844,46574,47262,46906,46599,46854,47071,47475,47622,47709,48050,47898,48053,47954,47929,48095,47768,48337,48224,48210,48187,47878,47811,47578,48264,48082,48019,47831,47666,48030,48614,48553,48953,48971,48733,48256,48827,48711,48458,48951,48809,48936,48924,49163,49886,49797,49050,48969,49267,49557,49211,49580,49932,50125,50143,50075,51043,50493,50222,50089,50679,50571,50110,50955,51022,50834,50903,51035,51481,51675,51008,50959,51529,50859,50780,50835,50435,51016,51053,51005,50831,50535,50409,51191,51939,51422,51134,51384,50844,51486,51676,51870,52127,52110,51613,51844,52493,52039,51835,51968,52740,53284,53731,53642,52953,52777,52806,52820,53269,53369,52288,52797,52836,53002,53359,53697,53589,53616,54015,54207,54322,53765,53266,53677,53700,53787,53707,53792,53592,53516,53773,53019,53679,53405,52790,53018,53328,53799,54341,54942,55304,55654,55453,55481,55828,52623,51735,51388,51800,52388,52512,52825,52828,53098,53008,53334,53625,53543,53156,52545,52252,52368,52930,53237,53419,53513,53427,53380,53457,53641,53140,53141,53674,52726,51564,52031,52664,54254,54871,54768
藝術,7164,6943,7268,7602,7522,7451,7578,7817,7593,7759,7223,7609,7535,8419,8237,7676,7656,7919,7312,7627,7841,7839,7932,7896,8070,8006,8188,8465,8462,8435,8545,8399,8472,8449,8394,8413,8422,8474,8740,8579,8585,8478,8857,9204,9642,9516,9472,10157,9638,9680,9729,9785,9922,9898,9693,9799,9358,9166,9186,9985,9804,8854,9452,9564,9757,9665,9872,9110,9788,9692,9395,9644,9969,9707,9906,10092,10066,10180,10346,10300,10211,10254,10304,10414,10499,10148,10499,10368,10390,10393,11203,11662,11572,11675,11568,11062,11218,10931,11523,11227,11265,11630,12143,12396,12764,13113,12999,13377,13167,12830,13309,13427,13301,13383,13950,14178,14665,14793,15362,15329,15115,15113,15628,15566,15970,16113,16516,15248,15441,15779,15632,15571,15545,15540,15632,15435,15655,15572,16183,17154,16384,16815,16617,16847,16782,17387,17419,17357,17561,17641,17756,18482,18826,18418,18822,18516,18075,18010,18057,18471,18814,18790,18866,19316,18582,19219,19089,19134,18849,18897,19129,19517,19181,19510,19791,19873,20415,20325,20119,20447,19289,19046,19116,19132,19082,19025,19986,19835,19650,19953,19577,20108,19822,19356,20086,20584,20598,20862,21204,21250,20767,21570,21499,21704,21664,21304,21638,21739,21705,21916,22256,21924,22063,22257,22304,22521,21607,21612,22758,23110,23048,22983,23107,23360,23450,23646,23738,24381,24059,23082,23180,23724,24082,24203,24229,24354,24300,25095,24851,25215,25870,25182,25035,24926,24954,24752,24873,25060,25107,25743,26029,26395,26236,25951,26199,26273,26208,25894,26083,26226,25997,26306,26465,26576,26222,26819,26766,26660,26581,26393,26732,26101,25406,25423,25535,25929,25943,26287,25893,25707,24292,25559,26148,26530,26419,26099,26158,26090,26544,26291,26234,26221,26695,27058,26804,27253,27771,27698,27521,27753,27590,27456,27680,27650,27426,27636,27782,28278,28039,28128,28049,28124,27951,28364,28559,28760,28759,28192,28004,28423,28141,28462,28862,29562,29059,29156,28934,29021,28903,28361,28239,28758,28942,29086,28680,28996,29016,29535,29834,29594,30035,29466,29545,30227,28936,30235,29604,29157,28694,28686,29194,29115,29466,29119,29200,29297,29710,29486,29252,29363,29791,29722,30009,29981,30151,29289,29258,29404,30565,30381,30474,30176,29614,29973,29843,30028,29971,30412,30434,30997,31017,30647,30667,30962,31434,31490,31535,31723,31767,31221,31254,31833,31977,31994,32217,32455,32642,33166,32988,33144,33139,32764,32258,32522,33017,33548,33357,33270,33490,33408,33569,33355,33151,32635,32969,32983,33029,33306,33407,33480,33547,33760,33660,33617,33637,33408,33523,33845,33860,34059,33773,34143,34384,34379,34397,34204,34059,33702,33784,34358,34221,34596,34520,34706,34724,34774,34676,35114,35147,34682,34745,35033,35159,35309,35508,35448,35552,35812,36228,36272,36335,35986,36011,36027,35819,36334,36326,36421,36299,35893,36368,36536,37290,36806,36913,37242,36865,37551,37403,37508,37768,37247,37288,37132,37625,37626,37469,37746,37684,37964,38156,38665,38620,38400,39111,38709,33879,31384,32057,34512,35742,37976,37816
其他服務業,7637,7723,7621,7773,7913,7818,8059,8102,8167,8184,8033,8221,7772,7419,6716,7980,8054,8181,8161,8324,8382,8420,8413,8409,8420,8772,8869,8988,9006,9050,9094,9069,9069,9022,9060,9057,9048,9104,9047,9100,9268,9301,9562,9698,9662,9805,9591,9766,9494,9546,9202,9648,9658,9724,9722,9720,9719,9834,9788,9804,9543,9404,9461,9500,9637,9694,9734,9695,9731,9685,9818,9743,9660,9443,9655,9674,9691,9617,9816,9732,9722,9836,9772,9902,9831,9887,10007,10133,10178,10193,10451,10686,10829,10663,10671,10772,10943,10908,10864,11031,11081,11176,11434,11599,11834,11917,12005,12094,12200,12106,12166,12205,12294,12290,13060,13396,13771,13700,13965,14064,14189,14026,13977,14155,14359,14372,15113,15505,15540,15488,15510,15772,15901,15731,16104,16011,16352,16465,16887,16726,17271,17309,17457,17742,17875,18129,18220,18385,18373,18375,18589,18955,19129,19122,19198,19335,19075,19047,19187,19263,19152,19414,19907,20144,19966,20058,19895,20035,20630,19387,20120,20338,20532,20625,20939,21042,21536,21480,21478,21588,22043,21459,21899,21824,21921,21998,22244,22519,22495,22454,22591,22368,22656,22280,22770,22786,22890,22693,22876,23102,23399,23664,23680,23740,24039,22918,23470,23630,23601,23335,23543,23504,23396,23295,23208,23193,24104,24576,25489,25117,24819,25268,25398,25171,25049,25510,25237,25609,25916,25441,25726,26132,25931,26309,26480,26540,25963,26016,26636,26904,26994,25702,26557,26834,26891,27014,26962,27629,27652,27843,27514,27752,27220,27036,27060,26983,27024,27172,27262,27224,27255,27675,27102,27351,27459,26424,26953,27403,26954,26733,27128,26727,26627,26690,27021,27839,27690,26393,26875,26889,26094,26627,26980,26700,26694,27026,27314,27755,27216,26597,26843,26617,26688,26582,26892,26395,26827,26757,26661,26721,26994,26482,26527,26895,26872,26804,26802,26540,26624,26830,26731,27175,27143,26808,27125,27047,27059,26976,27088,26854,26867,27163,27411,27544,27430,27117,27258,27195,27194,27134,27047,26967,26991,27580,27031,27000,27609,26964,27044,27216,27440,27226,27237,27200,27370,27494,27294,27553,27764,27304,27378,27256,27467,27234,27254,27197,27200,27091,26852,27282,27694,27284,27047,26761,27119,27355,27376,27679,27813,28083,27990,28084,28527,27915,27936,28285,28311,28107,28100,28204,28421,28530,28356,28320,29073,28732,28720,28870,28802,28712,28776,28573,28302,28397,28499,28740,28922,28478,28641,28626,28983,28915,28920,29259,29016,29230,29110,29026,29522,28977,28789,28436,28605,28674,28660,28574,28508,28783,29207,29283,29370,28787,29010,28953,28980,28784,29029,29012,29060,29093,29398,29490,29528,29451,29321,29494,29464,29303,29310,29227,29117,29249,29431,29367,29841,29690,29709,29867,29952,29893,30064,30209,30132,30386,30285,30618,30902,30568,30751,30740,31147,31195,31201,31081,31024,30906,30987,31299,31754,31342,31548,31475,31633,31505,31561,31828,31808,31741,31715,32131,32333,32310,31944,31605,32015,32066,32152,31916,32194,32540,32601,32615,32783,32539,32892,32615,30941,29948,30175,31248,32021,33287,33563
